,ruido,frec_obs,periodo,n_seg,n_meses,ok
0,0.0,7,30,20,3,True
1,0.0,7,30,20,6,True
2,0.0,7,30,20,9,True
3,0.0,7,30,20,12,True
4,0.0,7,60,20,3,False
5,0.0,7,60,20,6,True
6,0.0,7,60,20,9,True
7,0.0,7,60,20,12,True
8,0.0,7,90,20,3,True
9,0.0,7,90,20,6,True
10,0.0,7,90,20,9,True
11,0.0,7,90,20,12,True
12,0.0,7,120,20,3,False
13,0.0,7,120,20,6,True
14,0.0,7,120,20,9,True
15,0.0,7,120,20,12,True
16,0.0,7,150,20,3,True
17,0.0,7,150,20,6,True
18,0.0,7,150,20,9,True
19,0.0,7,150,20,12,True
20,0.0,7,180,20,3,False
21,0.0,7,180,20,6,True
22,0.0,7,180,20,9,False
23,0.0,7,180,20,12,True
24,0.0,7,210,20,3,True
25,0.0,7,210,20,6,True
26,0.0,7,210,20,9,True
27,0.0,7,210,20,12,True
28,0.0,7,240,20,3,True
29,0.0,7,240,20,6,True
30,0.0,7,240,20,9,True
31,0.0,7,240,20,12,True
32,0.0,7,270,20,3,True
33,0.0,7,270,20,6,False
34,0.0,7,270,20,9,True
35,0.0,7,270,20,12,True
36,0.0,7,300,20,3,True
37,0.0,7,300,20,6,True
38,0.0,7,300,20,9,True
39,0.0,7,300,20,12,True
40,0.0,7,330,20,3,True
41,0.0,7,330,20,6,False
42,0.0,7,330,20,9,True
43,0.0,7,330,20,12,True
44,0.0,7,360,20,3,True
45,0.0,7,360,20,6,True
46,0.0,7,360,20,9,True
47,0.0,7,360,20,12,True
48,0.0,14,30,20,3,False
49,0.0,14,30,20,6,True
50,0.0,14,30,20,9,False
51,0.0,14,30,20,12,False
52,0.0,14,60,20,3,False
53,0.0,14,60,20,6,True
54,0.0,14,60,20,9,True
55,0.0,14,60,20,12,True
56,0.0,14,90,20,3,False
57,0.0,14,90,20,6,False
58,0.0,14,90,20,9,True
59,0.0,14,90,20,12,True
60,0.0,14,120,20,3,False
61,0.0,14,120,20,6,False
62,0.0,14,120,20,9,True
63,0.0,14,120,20,12,True
64,0.0,14,150,20,3,True
65,0.0,14,150,20,6,True
66,0.0,14,150,20,9,True
67,0.0,14,150,20,12,True
68,0.0,14,180,20,3,True
69,0.0,14,180,20,6,True
70,0.0,14,180,20,9,False
71,0.0,14,180,20,12,True
72,0.0,14,210,20,3,True
73,0.0,14,210,20,6,True
74,0.0,14,210,20,9,True
75,0.0,14,210,20,12,True
76,0.0,14,240,20,3,True
77,0.0,14,240,20,6,True
78,0.0,14,240,20,9,True
79,0.0,14,240,20,12,True
80,0.0,14,270,20,3,True
81,0.0,14,270,20,6,False
82,0.0,14,270,20,9,True
83,0.0,14,270,20,12,True
84,0.0,14,300,20,3,True
85,0.0,14,300,20,6,True
86,0.0,14,300,20,9,True
87,0.0,14,300,20,12,True
88,0.0,14,330,20,3,True
89,0.0,14,330,20,6,False
90,0.0,14,330,20,9,True
91,0.0,14,330,20,12,True
92,0.0,14,360,20,3,True
93,0.0,14,360,20,6,True
94,0.0,14,360,20,9,True
95,0.0,14,360,20,12,True
96,0.0,21,30,20,3,False
97,0.0,21,30,20,6,False
98,0.0,21,30,20,9,False
99,0.0,21,30,20,12,False
100,0.0,21,60,20,3,False
101,0.0,21,60,20,6,False
102,0.0,21,60,20,9,False
103,0.0,21,60,20,12,True
104,0.0,21,90,20,3,True
105,0.0,21,90,20,6,True
106,0.0,21,90,20,9,True
107,0.0,21,90,20,12,True
108,0.0,21,120,20,3,True
109,0.0,21,120,20,6,True
110,0.0,21,120,20,9,True
111,0.0,21,120,20,12,True
112,0.0,21,150,20,3,False
113,0.0,21,150,20,6,True
114,0.0,21,150,20,9,True
115,0.0,21,150,20,12,True
116,0.0,21,180,20,3,True
117,0.0,21,180,20,6,True
118,0.0,21,180,20,9,True
119,0.0,21,180,20,12,True
120,0.0,21,210,20,3,True
121,0.0,21,210,20,6,True
122,0.0,21,210,20,9,True
123,0.0,21,210,20,12,True
124,0.0,21,240,20,3,False
125,0.0,21,240,20,6,True
126,0.0,21,240,20,9,True
127,0.0,21,240,20,12,True
128,0.0,21,270,20,3,True
129,0.0,21,270,20,6,True
130,0.0,21,270,20,9,True
131,0.0,21,270,20,12,True
132,0.0,21,300,20,3,True
133,0.0,21,300,20,6,True
134,0.0,21,300,20,9,True
135,0.0,21,300,20,12,True
136,0.0,21,330,20,3,True
137,0.0,21,330,20,6,False
138,0.0,21,330,20,9,True
139,0.0,21,330,20,12,True
140,0.0,21,360,20,3,True
141,0.0,21,360,20,6,True
142,0.0,21,360,20,9,True
143,0.0,21,360,20,12,True
144,0.0,28,30,20,3,False
145,0.0,28,30,20,6,False
146,0.0,28,30,20,9,False
147,0.0,28,30,20,12,False
148,0.0,28,60,20,3,False
149,0.0,28,60,20,6,False
150,0.0,28,60,20,9,False
151,0.0,28,60,20,12,False
152,0.0,28,90,20,3,False
153,0.0,28,90,20,6,False
154,0.0,28,90,20,9,True
155,0.0,28,90,20,12,False
156,0.0,28,120,20,3,False
157,0.0,28,120,20,6,True
158,0.0,28,120,20,9,True
159,0.0,28,120,20,12,True
160,0.0,28,150,20,3,False
161,0.0,28,150,20,6,True
162,0.0,28,150,20,9,True
163,0.0,28,150,20,12,True
164,0.0,28,180,20,3,False
165,0.0,28,180,20,6,True
166,0.0,28,180,20,9,True
167,0.0,28,180,20,12,True
168,0.0,28,210,20,3,False
169,0.0,28,210,20,6,True
170,0.0,28,210,20,9,True
171,0.0,28,210,20,12,True
172,0.0,28,240,20,3,False
173,0.0,28,240,20,6,True
174,0.0,28,240,20,9,True
175,0.0,28,240,20,12,True
176,0.0,28,270,20,3,True
177,0.0,28,270,20,6,True
178,0.0,28,270,20,9,True
179,0.0,28,270,20,12,True
180,0.0,28,300,20,3,True
181,0.0,28,300,20,6,True
182,0.0,28,300,20,9,True
183,0.0,28,300,20,12,True
184,0.0,28,330,20,3,True
185,0.0,28,330,20,6,False
186,0.0,28,330,20,9,True
187,0.0,28,330,20,12,True
188,0.0,28,360,20,3,True
189,0.0,28,360,20,6,True
190,0.0,28,360,20,9,False
191,0.0,28,360,20,12,True
192,0.1,7,30,20,3,True
193,0.1,7,30,20,6,True
194,0.1,7,30,20,9,True
195,0.1,7,30,20,12,True
196,0.1,7,60,20,3,False
197,0.1,7,60,20,6,True
198,0.1,7,60,20,9,True
199,0.1,7,60,20,12,True
200,0.1,7,90,20,3,True
201,0.1,7,90,20,6,True
202,0.1,7,90,20,9,True
203,0.1,7,90,20,12,True
204,0.1,7,120,20,3,False
205,0.1,7,120,20,6,True
206,0.1,7,120,20,9,False
207,0.1,7,120,20,12,True
208,0.1,7,150,20,3,True
209,0.1,7,150,20,6,True
210,0.1,7,150,20,9,True
211,0.1,7,150,20,12,True
212,0.1,7,180,20,3,True
213,0.1,7,180,20,6,True
214,0.1,7,180,20,9,False
215,0.1,7,180,20,12,True
216,0.1,7,210,20,3,False
217,0.1,7,210,20,6,True
218,0.1,7,210,20,9,True
219,0.1,7,210,20,12,True
220,0.1,7,240,20,3,True
221,0.1,7,240,20,6,True
222,0.1,7,240,20,9,True
223,0.1,7,240,20,12,True
224,0.1,7,270,20,3,True
225,0.1,7,270,20,6,True
226,0.1,7,270,20,9,True
227,0.1,7,270,20,12,True
228,0.1,7,300,20,3,False
229,0.1,7,300,20,6,True
230,0.1,7,300,20,9,True
231,0.1,7,300,20,12,True
232,0.1,7,330,20,3,False
233,0.1,7,330,20,6,False
234,0.1,7,330,20,9,True
235,0.1,7,330,20,12,True
236,0.1,7,360,20,3,False
237,0.1,7,360,20,6,True
238,0.1,7,360,20,9,True
239,0.1,7,360,20,12,True
240,0.1,14,30,20,3,False
241,0.1,14,30,20,6,True
242,0.1,14,30,20,9,False
243,0.1,14,30,20,12,True
244,0.1,14,60,20,3,False
245,0.1,14,60,20,6,True
246,0.1,14,60,20,9,True
247,0.1,14,60,20,12,True
248,0.1,14,90,20,3,False
249,0.1,14,90,20,6,True
250,0.1,14,90,20,9,True
251,0.1,14,90,20,12,True
252,0.1,14,120,20,3,False
253,0.1,14,120,20,6,False
254,0.1,14,120,20,9,True
255,0.1,14,120,20,12,True
256,0.1,14,150,20,3,True
257,0.1,14,150,20,6,True
258,0.1,14,150,20,9,True
259,0.1,14,150,20,12,True
260,0.1,14,180,20,3,False
261,0.1,14,180,20,6,True
262,0.1,14,180,20,9,False
263,0.1,14,180,20,12,True
264,0.1,14,210,20,3,False
265,0.1,14,210,20,6,True
266,0.1,14,210,20,9,True
267,0.1,14,210,20,12,True
268,0.1,14,240,20,3,False
269,0.1,14,240,20,6,True
270,0.1,14,240,20,9,True
271,0.1,14,240,20,12,True
272,0.1,14,270,20,3,False
273,0.1,14,270,20,6,True
274,0.1,14,270,20,9,True
275,0.1,14,270,20,12,True
276,0.1,14,300,20,3,True
277,0.1,14,300,20,6,True
278,0.1,14,300,20,9,True
279,0.1,14,300,20,12,True
280,0.1,14,330,20,3,True
281,0.1,14,330,20,6,False
282,0.1,14,330,20,9,True
283,0.1,14,330,20,12,True
284,0.1,14,360,20,3,False
285,0.1,14,360,20,6,True
286,0.1,14,360,20,9,True
287,0.1,14,360,20,12,True
288,0.1,21,30,20,3,False
289,0.1,21,30,20,6,False
290,0.1,21,30,20,9,False
291,0.1,21,30,20,12,False
292,0.1,21,60,20,3,False
293,0.1,21,60,20,6,False
294,0.1,21,60,20,9,False
295,0.1,21,60,20,12,True
296,0.1,21,90,20,3,True
297,0.1,21,90,20,6,True
298,0.1,21,90,20,9,True
299,0.1,21,90,20,12,True
300,0.1,21,120,20,3,True
301,0.1,21,120,20,6,True
302,0.1,21,120,20,9,False
303,0.1,21,120,20,12,True
304,0.1,21,150,20,3,False
305,0.1,21,150,20,6,True
306,0.1,21,150,20,9,False
307,0.1,21,150,20,12,True
308,0.1,21,180,20,3,True
309,0.1,21,180,20,6,True
310,0.1,21,180,20,9,False
311,0.1,21,180,20,12,True
312,0.1,21,210,20,3,True
313,0.1,21,210,20,6,True
314,0.1,21,210,20,9,True
315,0.1,21,210,20,12,True
316,0.1,21,240,20,3,False
317,0.1,21,240,20,6,True
318,0.1,21,240,20,9,True
319,0.1,21,240,20,12,True
320,0.1,21,270,20,3,True
321,0.1,21,270,20,6,True
322,0.1,21,270,20,9,True
323,0.1,21,270,20,12,True
324,0.1,21,300,20,3,True
325,0.1,21,300,20,6,True
326,0.1,21,300,20,9,True
327,0.1,21,300,20,12,True
328,0.1,21,330,20,3,True
329,0.1,21,330,20,6,False
330,0.1,21,330,20,9,True
331,0.1,21,330,20,12,True
332,0.1,21,360,20,3,True
333,0.1,21,360,20,6,True
334,0.1,21,360,20,9,False
335,0.1,21,360,20,12,True
336,0.1,28,30,20,3,False
337,0.1,28,30,20,6,False
338,0.1,28,30,20,9,False
339,0.1,28,30,20,12,False
340,0.1,28,60,20,3,False
341,0.1,28,60,20,6,False
342,0.1,28,60,20,9,False
343,0.1,28,60,20,12,True
344,0.1,28,90,20,3,False
345,0.1,28,90,20,6,False
346,0.1,28,90,20,9,True
347,0.1,28,90,20,12,False
348,0.1,28,120,20,3,False
349,0.1,28,120,20,6,False
350,0.1,28,120,20,9,True
351,0.1,28,120,20,12,True
352,0.1,28,150,20,3,False
353,0.1,28,150,20,6,True
354,0.1,28,150,20,9,False
355,0.1,28,150,20,12,False
356,0.1,28,180,20,3,False
357,0.1,28,180,20,6,False
358,0.1,28,180,20,9,True
359,0.1,28,180,20,12,True
360,0.1,28,210,20,3,False
361,0.1,28,210,20,6,False
362,0.1,28,210,20,9,False
363,0.1,28,210,20,12,True
364,0.1,28,240,20,3,False
365,0.1,28,240,20,6,False
366,0.1,28,240,20,9,True
367,0.1,28,240,20,12,True
368,0.1,28,270,20,3,True
369,0.1,28,270,20,6,True
370,0.1,28,270,20,9,True
371,0.1,28,270,20,12,True
372,0.1,28,300,20,3,True
373,0.1,28,300,20,6,True
374,0.1,28,300,20,9,True
375,0.1,28,300,20,12,True
376,0.1,28,330,20,3,True
377,0.1,28,330,20,6,False
378,0.1,28,330,20,9,False
379,0.1,28,330,20,12,True
380,0.1,28,360,20,3,True
381,0.1,28,360,20,6,True
382,0.1,28,360,20,9,True
383,0.1,28,360,20,12,True
384,0.2,7,30,20,3,True
385,0.2,7,30,20,6,True
386,0.2,7,30,20,9,True
387,0.2,7,30,20,12,True
388,0.2,7,60,20,3,False
389,0.2,7,60,20,6,True
390,0.2,7,60,20,9,False
391,0.2,7,60,20,12,True
392,0.2,7,90,20,3,False
393,0.2,7,90,20,6,True
394,0.2,7,90,20,9,True
395,0.2,7,90,20,12,True
396,0.2,7,120,20,3,False
397,0.2,7,120,20,6,True
398,0.2,7,120,20,9,True
399,0.2,7,120,20,12,True
400,0.2,7,150,20,3,False
401,0.2,7,150,20,6,True
402,0.2,7,150,20,9,False
403,0.2,7,150,20,12,True
404,0.2,7,180,20,3,False
405,0.2,7,180,20,6,False
406,0.2,7,180,20,9,False
407,0.2,7,180,20,12,True
408,0.2,7,210,20,3,False
409,0.2,7,210,20,6,True
410,0.2,7,210,20,9,True
411,0.2,7,210,20,12,True
412,0.2,7,240,20,3,True
413,0.2,7,240,20,6,False
414,0.2,7,240,20,9,True
415,0.2,7,240,20,12,True
416,0.2,7,270,20,3,True
417,0.2,7,270,20,6,True
418,0.2,7,270,20,9,True
419,0.2,7,270,20,12,True
420,0.2,7,300,20,3,True
421,0.2,7,300,20,6,False
422,0.2,7,300,20,9,True
423,0.2,7,300,20,12,True
424,0.2,7,330,20,3,False
425,0.2,7,330,20,6,True
426,0.2,7,330,20,9,True
427,0.2,7,330,20,12,True
428,0.2,7,360,20,3,False
429,0.2,7,360,20,6,True
430,0.2,7,360,20,9,True
431,0.2,7,360,20,12,True
432,0.2,14,30,20,3,False
433,0.2,14,30,20,6,False
434,0.2,14,30,20,9,False
435,0.2,14,30,20,12,False
436,0.2,14,60,20,3,False
437,0.2,14,60,20,6,False
438,0.2,14,60,20,9,True
439,0.2,14,60,20,12,True
440,0.2,14,90,20,3,False
441,0.2,14,90,20,6,True
442,0.2,14,90,20,9,False
443,0.2,14,90,20,12,True
444,0.2,14,120,20,3,False
445,0.2,14,120,20,6,True
446,0.2,14,120,20,9,True
447,0.2,14,120,20,12,True
448,0.2,14,150,20,3,True
449,0.2,14,150,20,6,True
450,0.2,14,150,20,9,True
451,0.2,14,150,20,12,True
452,0.2,14,180,20,3,True
453,0.2,14,180,20,6,True
454,0.2,14,180,20,9,False
455,0.2,14,180,20,12,True
456,0.2,14,210,20,3,False
457,0.2,14,210,20,6,True
458,0.2,14,210,20,9,False
459,0.2,14,210,20,12,False
460,0.2,14,240,20,3,False
461,0.2,14,240,20,6,False
462,0.2,14,240,20,9,True
463,0.2,14,240,20,12,True
464,0.2,14,270,20,3,False
465,0.2,14,270,20,6,True
466,0.2,14,270,20,9,True
467,0.2,14,270,20,12,True
468,0.2,14,300,20,3,True
469,0.2,14,300,20,6,False
470,0.2,14,300,20,9,False
471,0.2,14,300,20,12,True
472,0.2,14,330,20,3,False
473,0.2,14,330,20,6,False
474,0.2,14,330,20,9,False
475,0.2,14,330,20,12,True
476,0.2,14,360,20,3,True
477,0.2,14,360,20,6,True
478,0.2,14,360,20,9,False
479,0.2,14,360,20,12,True
480,0.2,21,30,20,3,False
481,0.2,21,30,20,6,False
482,0.2,21,30,20,9,False
483,0.2,21,30,20,12,False
484,0.2,21,60,20,3,False
485,0.2,21,60,20,6,False
486,0.2,21,60,20,9,False
487,0.2,21,60,20,12,False
488,0.2,21,90,20,3,True
489,0.2,21,90,20,6,True
490,0.2,21,90,20,9,False
491,0.2,21,90,20,12,True
492,0.2,21,120,20,3,True
493,0.2,21,120,20,6,True
494,0.2,21,120,20,9,True
495,0.2,21,120,20,12,True
496,0.2,21,150,20,3,False
497,0.2,21,150,20,6,True
498,0.2,21,150,20,9,True
499,0.2,21,150,20,12,True
500,0.2,21,180,20,3,False
501,0.2,21,180,20,6,True
502,0.2,21,180,20,9,False
503,0.2,21,180,20,12,True
504,0.2,21,210,20,3,False
505,0.2,21,210,20,6,True
506,0.2,21,210,20,9,False
507,0.2,21,210,20,12,True
508,0.2,21,240,20,3,False
509,0.2,21,240,20,6,True
510,0.2,21,240,20,9,True
511,0.2,21,240,20,12,True
512,0.2,21,270,20,3,False
513,0.2,21,270,20,6,False
514,0.2,21,270,20,9,True
515,0.2,21,270,20,12,True
516,0.2,21,300,20,3,True
517,0.2,21,300,20,6,False
518,0.2,21,300,20,9,False
519,0.2,21,300,20,12,False
520,0.2,21,330,20,3,False
521,0.2,21,330,20,6,False
522,0.2,21,330,20,9,True
523,0.2,21,330,20,12,False
524,0.2,21,360,20,3,False
525,0.2,21,360,20,6,False
526,0.2,21,360,20,9,False
527,0.2,21,360,20,12,True
528,0.2,28,30,20,3,True
529,0.2,28,30,20,6,False
530,0.2,28,30,20,9,False
531,0.2,28,30,20,12,False
532,0.2,28,60,20,3,False
533,0.2,28,60,20,6,False
534,0.2,28,60,20,9,False
535,0.2,28,60,20,12,False
536,0.2,28,90,20,3,False
537,0.2,28,90,20,6,True
538,0.2,28,90,20,9,False
539,0.2,28,90,20,12,False
540,0.2,28,120,20,3,False
541,0.2,28,120,20,6,False
542,0.2,28,120,20,9,False
543,0.2,28,120,20,12,True
544,0.2,28,150,20,3,False
545,0.2,28,150,20,6,True
546,0.2,28,150,20,9,False
547,0.2,28,150,20,12,True
548,0.2,28,180,20,3,False
549,0.2,28,180,20,6,False
550,0.2,28,180,20,9,True
551,0.2,28,180,20,12,False
552,0.2,28,210,20,3,False
553,0.2,28,210,20,6,False
554,0.2,28,210,20,9,False
555,0.2,28,210,20,12,True
556,0.2,28,240,20,3,False
557,0.2,28,240,20,6,True
558,0.2,28,240,20,9,True
559,0.2,28,240,20,12,True
560,0.2,28,270,20,3,True
561,0.2,28,270,20,6,True
562,0.2,28,270,20,9,True
563,0.2,28,270,20,12,True
564,0.2,28,300,20,3,True
565,0.2,28,300,20,6,False
566,0.2,28,300,20,9,True
567,0.2,28,300,20,12,True
568,0.2,28,330,20,3,False
569,0.2,28,330,20,6,False
570,0.2,28,330,20,9,False
571,0.2,28,330,20,12,True
572,0.2,28,360,20,3,True
573,0.2,28,360,20,6,True
574,0.2,28,360,20,9,True
575,0.2,28,360,20,12,True
576,0.30000000000000004,7,30,20,3,False
577,0.30000000000000004,7,30,20,6,True
578,0.30000000000000004,7,30,20,9,False
579,0.30000000000000004,7,30,20,12,True
580,0.30000000000000004,7,60,20,3,False
581,0.30000000000000004,7,60,20,6,True
582,0.30000000000000004,7,60,20,9,False
583,0.30000000000000004,7,60,20,12,True
584,0.30000000000000004,7,90,20,3,True
585,0.30000000000000004,7,90,20,6,False
586,0.30000000000000004,7,90,20,9,True
587,0.30000000000000004,7,90,20,12,True
588,0.30000000000000004,7,120,20,3,False
589,0.30000000000000004,7,120,20,6,False
590,0.30000000000000004,7,120,20,9,False
591,0.30000000000000004,7,120,20,12,True
592,0.30000000000000004,7,150,20,3,True
593,0.30000000000000004,7,150,20,6,True
594,0.30000000000000004,7,150,20,9,True
595,0.30000000000000004,7,150,20,12,True
596,0.30000000000000004,7,180,20,3,True
597,0.30000000000000004,7,180,20,6,True
598,0.30000000000000004,7,180,20,9,False
599,0.30000000000000004,7,180,20,12,True
600,0.30000000000000004,7,210,20,3,True
601,0.30000000000000004,7,210,20,6,True
602,0.30000000000000004,7,210,20,9,True
603,0.30000000000000004,7,210,20,12,True
604,0.30000000000000004,7,240,20,3,True
605,0.30000000000000004,7,240,20,6,True
606,0.30000000000000004,7,240,20,9,True
607,0.30000000000000004,7,240,20,12,True
608,0.30000000000000004,7,270,20,3,True
609,0.30000000000000004,7,270,20,6,True
610,0.30000000000000004,7,270,20,9,True
611,0.30000000000000004,7,270,20,12,True
612,0.30000000000000004,7,300,20,3,True
613,0.30000000000000004,7,300,20,6,True
614,0.30000000000000004,7,300,20,9,True
615,0.30000000000000004,7,300,20,12,True
616,0.30000000000000004,7,330,20,3,True
617,0.30000000000000004,7,330,20,6,True
618,0.30000000000000004,7,330,20,9,True
619,0.30000000000000004,7,330,20,12,True
620,0.30000000000000004,7,360,20,3,False
621,0.30000000000000004,7,360,20,6,True
622,0.30000000000000004,7,360,20,9,True
623,0.30000000000000004,7,360,20,12,True
624,0.30000000000000004,14,30,20,3,False
625,0.30000000000000004,14,30,20,6,False
626,0.30000000000000004,14,30,20,9,False
627,0.30000000000000004,14,30,20,12,False
628,0.30000000000000004,14,60,20,3,False
629,0.30000000000000004,14,60,20,6,True
630,0.30000000000000004,14,60,20,9,True
631,0.30000000000000004,14,60,20,12,False
632,0.30000000000000004,14,90,20,3,False
633,0.30000000000000004,14,90,20,6,False
634,0.30000000000000004,14,90,20,9,False
635,0.30000000000000004,14,90,20,12,True
636,0.30000000000000004,14,120,20,3,False
637,0.30000000000000004,14,120,20,6,False
638,0.30000000000000004,14,120,20,9,True
639,0.30000000000000004,14,120,20,12,False
640,0.30000000000000004,14,150,20,3,True
641,0.30000000000000004,14,150,20,6,False
642,0.30000000000000004,14,150,20,9,False
643,0.30000000000000004,14,150,20,12,False
644,0.30000000000000004,14,180,20,3,True
645,0.30000000000000004,14,180,20,6,True
646,0.30000000000000004,14,180,20,9,False
647,0.30000000000000004,14,180,20,12,True
648,0.30000000000000004,14,210,20,3,False
649,0.30000000000000004,14,210,20,6,False
650,0.30000000000000004,14,210,20,9,True
651,0.30000000000000004,14,210,20,12,False
652,0.30000000000000004,14,240,20,3,True
653,0.30000000000000004,14,240,20,6,False
654,0.30000000000000004,14,240,20,9,False
655,0.30000000000000004,14,240,20,12,True
656,0.30000000000000004,14,270,20,3,False
657,0.30000000000000004,14,270,20,6,False
658,0.30000000000000004,14,270,20,9,True
659,0.30000000000000004,14,270,20,12,True
660,0.30000000000000004,14,300,20,3,False
661,0.30000000000000004,14,300,20,6,False
662,0.30000000000000004,14,300,20,9,True
663,0.30000000000000004,14,300,20,12,True
664,0.30000000000000004,14,330,20,3,True
665,0.30000000000000004,14,330,20,6,True
666,0.30000000000000004,14,330,20,9,True
667,0.30000000000000004,14,330,20,12,True
668,0.30000000000000004,14,360,20,3,True
669,0.30000000000000004,14,360,20,6,True
670,0.30000000000000004,14,360,20,9,True
671,0.30000000000000004,14,360,20,12,True
672,0.30000000000000004,21,30,20,3,False
673,0.30000000000000004,21,30,20,6,False
674,0.30000000000000004,21,30,20,9,False
675,0.30000000000000004,21,30,20,12,False
676,0.30000000000000004,21,60,20,3,False
677,0.30000000000000004,21,60,20,6,False
678,0.30000000000000004,21,60,20,9,False
679,0.30000000000000004,21,60,20,12,False
680,0.30000000000000004,21,90,20,3,False
681,0.30000000000000004,21,90,20,6,False
682,0.30000000000000004,21,90,20,9,True
683,0.30000000000000004,21,90,20,12,True
684,0.30000000000000004,21,120,20,3,False
685,0.30000000000000004,21,120,20,6,False
686,0.30000000000000004,21,120,20,9,False
687,0.30000000000000004,21,120,20,12,True
688,0.30000000000000004,21,150,20,3,True
689,0.30000000000000004,21,150,20,6,True
690,0.30000000000000004,21,150,20,9,False
691,0.30000000000000004,21,150,20,12,True
692,0.30000000000000004,21,180,20,3,True
693,0.30000000000000004,21,180,20,6,True
694,0.30000000000000004,21,180,20,9,False
695,0.30000000000000004,21,180,20,12,False
696,0.30000000000000004,21,210,20,3,True
697,0.30000000000000004,21,210,20,6,True
698,0.30000000000000004,21,210,20,9,True
699,0.30000000000000004,21,210,20,12,False
700,0.30000000000000004,21,240,20,3,False
701,0.30000000000000004,21,240,20,6,True
702,0.30000000000000004,21,240,20,9,True
703,0.30000000000000004,21,240,20,12,False
704,0.30000000000000004,21,270,20,3,True
705,0.30000000000000004,21,270,20,6,False
706,0.30000000000000004,21,270,20,9,True
707,0.30000000000000004,21,270,20,12,True
708,0.30000000000000004,21,300,20,3,False
709,0.30000000000000004,21,300,20,6,False
710,0.30000000000000004,21,300,20,9,True
711,0.30000000000000004,21,300,20,12,True
712,0.30000000000000004,21,330,20,3,False
713,0.30000000000000004,21,330,20,6,False
714,0.30000000000000004,21,330,20,9,True
715,0.30000000000000004,21,330,20,12,True
716,0.30000000000000004,21,360,20,3,False
717,0.30000000000000004,21,360,20,6,True
718,0.30000000000000004,21,360,20,9,True
719,0.30000000000000004,21,360,20,12,True
720,0.30000000000000004,28,30,20,3,False
721,0.30000000000000004,28,30,20,6,False
722,0.30000000000000004,28,30,20,9,False
723,0.30000000000000004,28,30,20,12,False
724,0.30000000000000004,28,60,20,3,False
725,0.30000000000000004,28,60,20,6,False
726,0.30000000000000004,28,60,20,9,False
727,0.30000000000000004,28,60,20,12,False
728,0.30000000000000004,28,90,20,3,False
729,0.30000000000000004,28,90,20,6,False
730,0.30000000000000004,28,90,20,9,False
731,0.30000000000000004,28,90,20,12,False
732,0.30000000000000004,28,120,20,3,False
733,0.30000000000000004,28,120,20,6,False
734,0.30000000000000004,28,120,20,9,False
735,0.30000000000000004,28,120,20,12,True
736,0.30000000000000004,28,150,20,3,False
737,0.30000000000000004,28,150,20,6,False
738,0.30000000000000004,28,150,20,9,False
739,0.30000000000000004,28,150,20,12,True
740,0.30000000000000004,28,180,20,3,False
741,0.30000000000000004,28,180,20,6,False
742,0.30000000000000004,28,180,20,9,False
743,0.30000000000000004,28,180,20,12,True
744,0.30000000000000004,28,210,20,3,False
745,0.30000000000000004,28,210,20,6,False
746,0.30000000000000004,28,210,20,9,False
747,0.30000000000000004,28,210,20,12,True
748,0.30000000000000004,28,240,20,3,False
749,0.30000000000000004,28,240,20,6,False
750,0.30000000000000004,28,240,20,9,True
751,0.30000000000000004,28,240,20,12,True
752,0.30000000000000004,28,270,20,3,False
753,0.30000000000000004,28,270,20,6,False
754,0.30000000000000004,28,270,20,9,False
755,0.30000000000000004,28,270,20,12,True
756,0.30000000000000004,28,300,20,3,True
757,0.30000000000000004,28,300,20,6,False
758,0.30000000000000004,28,300,20,9,False
759,0.30000000000000004,28,300,20,12,False
760,0.30000000000000004,28,330,20,3,False
761,0.30000000000000004,28,330,20,6,False
762,0.30000000000000004,28,330,20,9,True
763,0.30000000000000004,28,330,20,12,False
764,0.30000000000000004,28,360,20,3,True
765,0.30000000000000004,28,360,20,6,True
766,0.30000000000000004,28,360,20,9,True
767,0.30000000000000004,28,360,20,12,True
768,0.4,7,30,20,3,False
769,0.4,7,30,20,6,True
770,0.4,7,30,20,9,False
771,0.4,7,30,20,12,False
772,0.4,7,60,20,3,False
773,0.4,7,60,20,6,True
774,0.4,7,60,20,9,True
775,0.4,7,60,20,12,True
776,0.4,7,90,20,3,True
777,0.4,7,90,20,6,True
778,0.4,7,90,20,9,True
779,0.4,7,90,20,12,True
780,0.4,7,120,20,3,True
781,0.4,7,120,20,6,True
782,0.4,7,120,20,9,True
783,0.4,7,120,20,12,True
784,0.4,7,150,20,3,True
785,0.4,7,150,20,6,True
786,0.4,7,150,20,9,True
787,0.4,7,150,20,12,True
788,0.4,7,180,20,3,True
789,0.4,7,180,20,6,True
790,0.4,7,180,20,9,True
791,0.4,7,180,20,12,True
792,0.4,7,210,20,3,True
793,0.4,7,210,20,6,True
794,0.4,7,210,20,9,True
795,0.4,7,210,20,12,True
796,0.4,7,240,20,3,True
797,0.4,7,240,20,6,False
798,0.4,7,240,20,9,True
799,0.4,7,240,20,12,True
800,0.4,7,270,20,3,True
801,0.4,7,270,20,6,True
802,0.4,7,270,20,9,True
803,0.4,7,270,20,12,True
804,0.4,7,300,20,3,True
805,0.4,7,300,20,6,True
806,0.4,7,300,20,9,True
807,0.4,7,300,20,12,True
808,0.4,7,330,20,3,False
809,0.4,7,330,20,6,True
810,0.4,7,330,20,9,True
811,0.4,7,330,20,12,True
812,0.4,7,360,20,3,True
813,0.4,7,360,20,6,True
814,0.4,7,360,20,9,True
815,0.4,7,360,20,12,True
816,0.4,14,30,20,3,False
817,0.4,14,30,20,6,False
818,0.4,14,30,20,9,True
819,0.4,14,30,20,12,False
820,0.4,14,60,20,3,False
821,0.4,14,60,20,6,False
822,0.4,14,60,20,9,True
823,0.4,14,60,20,12,False
824,0.4,14,90,20,3,False
825,0.4,14,90,20,6,False
826,0.4,14,90,20,9,True
827,0.4,14,90,20,12,True
828,0.4,14,120,20,3,False
829,0.4,14,120,20,6,True
830,0.4,14,120,20,9,True
831,0.4,14,120,20,12,False
832,0.4,14,150,20,3,False
833,0.4,14,150,20,6,True
834,0.4,14,150,20,9,False
835,0.4,14,150,20,12,True
836,0.4,14,180,20,3,True
837,0.4,14,180,20,6,True
838,0.4,14,180,20,9,False
839,0.4,14,180,20,12,True
840,0.4,14,210,20,3,True
841,0.4,14,210,20,6,True
842,0.4,14,210,20,9,True
843,0.4,14,210,20,12,True
844,0.4,14,240,20,3,True
845,0.4,14,240,20,6,False
846,0.4,14,240,20,9,True
847,0.4,14,240,20,12,True
848,0.4,14,270,20,3,True
849,0.4,14,270,20,6,True
850,0.4,14,270,20,9,True
851,0.4,14,270,20,12,True
852,0.4,14,300,20,3,False
853,0.4,14,300,20,6,True
854,0.4,14,300,20,9,True
855,0.4,14,300,20,12,True
856,0.4,14,330,20,3,True
857,0.4,14,330,20,6,True
858,0.4,14,330,20,9,True
859,0.4,14,330,20,12,True
860,0.4,14,360,20,3,False
861,0.4,14,360,20,6,True
862,0.4,14,360,20,9,True
863,0.4,14,360,20,12,True
864,0.4,21,30,20,3,False
865,0.4,21,30,20,6,False
866,0.4,21,30,20,9,False
867,0.4,21,30,20,12,False
868,0.4,21,60,20,3,False
869,0.4,21,60,20,6,False
870,0.4,21,60,20,9,False
871,0.4,21,60,20,12,False
872,0.4,21,90,20,3,False
873,0.4,21,90,20,6,False
874,0.4,21,90,20,9,False
875,0.4,21,90,20,12,True
876,0.4,21,120,20,3,False
877,0.4,21,120,20,6,False
878,0.4,21,120,20,9,False
879,0.4,21,120,20,12,False
880,0.4,21,150,20,3,False
881,0.4,21,150,20,6,False
882,0.4,21,150,20,9,False
883,0.4,21,150,20,12,True
884,0.4,21,180,20,3,False
885,0.4,21,180,20,6,True
886,0.4,21,180,20,9,False
887,0.4,21,180,20,12,False
888,0.4,21,210,20,3,False
889,0.4,21,210,20,6,False
890,0.4,21,210,20,9,False
891,0.4,21,210,20,12,False
892,0.4,21,240,20,3,False
893,0.4,21,240,20,6,False
894,0.4,21,240,20,9,True
895,0.4,21,240,20,12,True
896,0.4,21,270,20,3,False
897,0.4,21,270,20,6,False
898,0.4,21,270,20,9,True
899,0.4,21,270,20,12,True
900,0.4,21,300,20,3,True
901,0.4,21,300,20,6,False
902,0.4,21,300,20,9,True
903,0.4,21,300,20,12,True
904,0.4,21,330,20,3,True
905,0.4,21,330,20,6,False
906,0.4,21,330,20,9,False
907,0.4,21,330,20,12,False
908,0.4,21,360,20,3,False
909,0.4,21,360,20,6,False
910,0.4,21,360,20,9,True
911,0.4,21,360,20,12,True
912,0.4,28,30,20,3,False
913,0.4,28,30,20,6,False
914,0.4,28,30,20,9,False
915,0.4,28,30,20,12,False
916,0.4,28,60,20,3,False
917,0.4,28,60,20,6,False
918,0.4,28,60,20,9,False
919,0.4,28,60,20,12,False
920,0.4,28,90,20,3,False
921,0.4,28,90,20,6,False
922,0.4,28,90,20,9,False
923,0.4,28,90,20,12,False
924,0.4,28,120,20,3,False
925,0.4,28,120,20,6,True
926,0.4,28,120,20,9,True
927,0.4,28,120,20,12,True
928,0.4,28,150,20,3,False
929,0.4,28,150,20,6,False
930,0.4,28,150,20,9,False
931,0.4,28,150,20,12,False
932,0.4,28,180,20,3,False
933,0.4,28,180,20,6,False
934,0.4,28,180,20,9,False
935,0.4,28,180,20,12,True
936,0.4,28,210,20,3,False
937,0.4,28,210,20,6,False
938,0.4,28,210,20,9,False
939,0.4,28,210,20,12,False
940,0.4,28,240,20,3,False
941,0.4,28,240,20,6,False
942,0.4,28,240,20,9,True
943,0.4,28,240,20,12,False
944,0.4,28,270,20,3,True
945,0.4,28,270,20,6,False
946,0.4,28,270,20,9,True
947,0.4,28,270,20,12,True
948,0.4,28,300,20,3,False
949,0.4,28,300,20,6,True
950,0.4,28,300,20,9,True
951,0.4,28,300,20,12,True
952,0.4,28,330,20,3,False
953,0.4,28,330,20,6,False
954,0.4,28,330,20,9,True
955,0.4,28,330,20,12,True
956,0.4,28,360,20,3,True
957,0.4,28,360,20,6,True
958,0.4,28,360,20,9,True
959,0.4,28,360,20,12,True
960,0.5,7,30,20,3,True
961,0.5,7,30,20,6,False
962,0.5,7,30,20,9,False
963,0.5,7,30,20,12,False
964,0.5,7,60,20,3,False
965,0.5,7,60,20,6,True
966,0.5,7,60,20,9,False
967,0.5,7,60,20,12,True
968,0.5,7,90,20,3,False
969,0.5,7,90,20,6,True
970,0.5,7,90,20,9,True
971,0.5,7,90,20,12,True
972,0.5,7,120,20,3,False
973,0.5,7,120,20,6,False
974,0.5,7,120,20,9,True
975,0.5,7,120,20,12,True
976,0.5,7,150,20,3,False
977,0.5,7,150,20,6,True
978,0.5,7,150,20,9,True
979,0.5,7,150,20,12,True
980,0.5,7,180,20,3,True
981,0.5,7,180,20,6,True
982,0.5,7,180,20,9,True
983,0.5,7,180,20,12,True
984,0.5,7,210,20,3,True
985,0.5,7,210,20,6,True
986,0.5,7,210,20,9,True
987,0.5,7,210,20,12,True
988,0.5,7,240,20,3,False
989,0.5,7,240,20,6,True
990,0.5,7,240,20,9,True
991,0.5,7,240,20,12,True
992,0.5,7,270,20,3,True
993,0.5,7,270,20,6,True
994,0.5,7,270,20,9,True
995,0.5,7,270,20,12,True
996,0.5,7,300,20,3,True
997,0.5,7,300,20,6,True
998,0.5,7,300,20,9,True
999,0.5,7,300,20,12,True
1000,0.5,7,330,20,3,True
1001,0.5,7,330,20,6,True
1002,0.5,7,330,20,9,True
1003,0.5,7,330,20,12,True
1004,0.5,7,360,20,3,False
1005,0.5,7,360,20,6,True
1006,0.5,7,360,20,9,True
1007,0.5,7,360,20,12,True
1008,0.5,14,30,20,3,False
1009,0.5,14,30,20,6,False
1010,0.5,14,30,20,9,False
1011,0.5,14,30,20,12,False
1012,0.5,14,60,20,3,False
1013,0.5,14,60,20,6,False
1014,0.5,14,60,20,9,False
1015,0.5,14,60,20,12,False
1016,0.5,14,90,20,3,False
1017,0.5,14,90,20,6,False
1018,0.5,14,90,20,9,True
1019,0.5,14,90,20,12,True
1020,0.5,14,120,20,3,False
1021,0.5,14,120,20,6,False
1022,0.5,14,120,20,9,True
1023,0.5,14,120,20,12,True
1024,0.5,14,150,20,3,False
1025,0.5,14,150,20,6,True
1026,0.5,14,150,20,9,True
1027,0.5,14,150,20,12,True
1028,0.5,14,180,20,3,False
1029,0.5,14,180,20,6,True
1030,0.5,14,180,20,9,True
1031,0.5,14,180,20,12,True
1032,0.5,14,210,20,3,True
1033,0.5,14,210,20,6,True
1034,0.5,14,210,20,9,False
1035,0.5,14,210,20,12,True
1036,0.5,14,240,20,3,True
1037,0.5,14,240,20,6,False
1038,0.5,14,240,20,9,True
1039,0.5,14,240,20,12,True
1040,0.5,14,270,20,3,True
1041,0.5,14,270,20,6,True
1042,0.5,14,270,20,9,True
1043,0.5,14,270,20,12,False
1044,0.5,14,300,20,3,False
1045,0.5,14,300,20,6,True
1046,0.5,14,300,20,9,True
1047,0.5,14,300,20,12,True
1048,0.5,14,330,20,3,False
1049,0.5,14,330,20,6,True
1050,0.5,14,330,20,9,False
1051,0.5,14,330,20,12,True
1052,0.5,14,360,20,3,False
1053,0.5,14,360,20,6,True
1054,0.5,14,360,20,9,True
1055,0.5,14,360,20,12,True
1056,0.5,21,30,20,3,False
1057,0.5,21,30,20,6,False
1058,0.5,21,30,20,9,False
1059,0.5,21,30,20,12,False
1060,0.5,21,60,20,3,False
1061,0.5,21,60,20,6,False
1062,0.5,21,60,20,9,False
1063,0.5,21,60,20,12,False
1064,0.5,21,90,20,3,False
1065,0.5,21,90,20,6,False
1066,0.5,21,90,20,9,False
1067,0.5,21,90,20,12,False
1068,0.5,21,120,20,3,False
1069,0.5,21,120,20,6,False
1070,0.5,21,120,20,9,False
1071,0.5,21,120,20,12,True
1072,0.5,21,150,20,3,False
1073,0.5,21,150,20,6,False
1074,0.5,21,150,20,9,False
1075,0.5,21,150,20,12,True
1076,0.5,21,180,20,3,False
1077,0.5,21,180,20,6,True
1078,0.5,21,180,20,9,True
1079,0.5,21,180,20,12,True
1080,0.5,21,210,20,3,False
1081,0.5,21,210,20,6,False
1082,0.5,21,210,20,9,True
1083,0.5,21,210,20,12,True
1084,0.5,21,240,20,3,False
1085,0.5,21,240,20,6,False
1086,0.5,21,240,20,9,True
1087,0.5,21,240,20,12,True
1088,0.5,21,270,20,3,True
1089,0.5,21,270,20,6,True
1090,0.5,21,270,20,9,True
1091,0.5,21,270,20,12,True
1092,0.5,21,300,20,3,True
1093,0.5,21,300,20,6,False
1094,0.5,21,300,20,9,True
1095,0.5,21,300,20,12,True
1096,0.5,21,330,20,3,False
1097,0.5,21,330,20,6,False
1098,0.5,21,330,20,9,False
1099,0.5,21,330,20,12,True
1100,0.5,21,360,20,3,False
1101,0.5,21,360,20,6,True
1102,0.5,21,360,20,9,True
1103,0.5,21,360,20,12,True
1104,0.5,28,30,20,3,False
1105,0.5,28,30,20,6,False
1106,0.5,28,30,20,9,False
1107,0.5,28,30,20,12,False
1108,0.5,28,60,20,3,False
1109,0.5,28,60,20,6,False
1110,0.5,28,60,20,9,False
1111,0.5,28,60,20,12,False
1112,0.5,28,90,20,3,False
1113,0.5,28,90,20,6,False
1114,0.5,28,90,20,9,False
1115,0.5,28,90,20,12,False
1116,0.5,28,120,20,3,False
1117,0.5,28,120,20,6,False
1118,0.5,28,120,20,9,False
1119,0.5,28,120,20,12,False
1120,0.5,28,150,20,3,False
1121,0.5,28,150,20,6,True
1122,0.5,28,150,20,9,False
1123,0.5,28,150,20,12,True
1124,0.5,28,180,20,3,False
1125,0.5,28,180,20,6,False
1126,0.5,28,180,20,9,False
1127,0.5,28,180,20,12,False
1128,0.5,28,210,20,3,False
1129,0.5,28,210,20,6,True
1130,0.5,28,210,20,9,True
1131,0.5,28,210,20,12,True
1132,0.5,28,240,20,3,False
1133,0.5,28,240,20,6,False
1134,0.5,28,240,20,9,False
1135,0.5,28,240,20,12,True
1136,0.5,28,270,20,3,False
1137,0.5,28,270,20,6,False
1138,0.5,28,270,20,9,True
1139,0.5,28,270,20,12,True
1140,0.5,28,300,20,3,False
1141,0.5,28,300,20,6,True
1142,0.5,28,300,20,9,True
1143,0.5,28,300,20,12,True
1144,0.5,28,330,20,3,False
1145,0.5,28,330,20,6,False
1146,0.5,28,330,20,9,True
1147,0.5,28,330,20,12,True
1148,0.5,28,360,20,3,False
1149,0.5,28,360,20,6,False
1150,0.5,28,360,20,9,True
1151,0.5,28,360,20,12,True
1152,0.6000000000000001,7,30,20,3,False
1153,0.6000000000000001,7,30,20,6,False
1154,0.6000000000000001,7,30,20,9,True
1155,0.6000000000000001,7,30,20,12,True
1156,0.6000000000000001,7,60,20,3,False
1157,0.6000000000000001,7,60,20,6,False
1158,0.6000000000000001,7,60,20,9,True
1159,0.6000000000000001,7,60,20,12,True
1160,0.6000000000000001,7,90,20,3,True
1161,0.6000000000000001,7,90,20,6,False
1162,0.6000000000000001,7,90,20,9,True
1163,0.6000000000000001,7,90,20,12,True
1164,0.6000000000000001,7,120,20,3,True
1165,0.6000000000000001,7,120,20,6,True
1166,0.6000000000000001,7,120,20,9,True
1167,0.6000000000000001,7,120,20,12,True
1168,0.6000000000000001,7,150,20,3,True
1169,0.6000000000000001,7,150,20,6,True
1170,0.6000000000000001,7,150,20,9,True
1171,0.6000000000000001,7,150,20,12,True
1172,0.6000000000000001,7,180,20,3,True
1173,0.6000000000000001,7,180,20,6,True
1174,0.6000000000000001,7,180,20,9,True
1175,0.6000000000000001,7,180,20,12,True
1176,0.6000000000000001,7,210,20,3,True
1177,0.6000000000000001,7,210,20,6,True
1178,0.6000000000000001,7,210,20,9,True
1179,0.6000000000000001,7,210,20,12,True
1180,0.6000000000000001,7,240,20,3,True
1181,0.6000000000000001,7,240,20,6,True
1182,0.6000000000000001,7,240,20,9,True
1183,0.6000000000000001,7,240,20,12,True
1184,0.6000000000000001,7,270,20,3,True
1185,0.6000000000000001,7,270,20,6,True
1186,0.6000000000000001,7,270,20,9,True
1187,0.6000000000000001,7,270,20,12,True
1188,0.6000000000000001,7,300,20,3,True
1189,0.6000000000000001,7,300,20,6,True
1190,0.6000000000000001,7,300,20,9,True
1191,0.6000000000000001,7,300,20,12,True
1192,0.6000000000000001,7,330,20,3,True
1193,0.6000000000000001,7,330,20,6,True
1194,0.6000000000000001,7,330,20,9,True
1195,0.6000000000000001,7,330,20,12,True
1196,0.6000000000000001,7,360,20,3,True
1197,0.6000000000000001,7,360,20,6,True
1198,0.6000000000000001,7,360,20,9,True
1199,0.6000000000000001,7,360,20,12,True
1200,0.6000000000000001,14,30,20,3,False
1201,0.6000000000000001,14,30,20,6,False
1202,0.6000000000000001,14,30,20,9,False
1203,0.6000000000000001,14,30,20,12,False
1204,0.6000000000000001,14,60,20,3,False
1205,0.6000000000000001,14,60,20,6,False
1206,0.6000000000000001,14,60,20,9,True
1207,0.6000000000000001,14,60,20,12,True
1208,0.6000000000000001,14,90,20,3,True
1209,0.6000000000000001,14,90,20,6,False
1210,0.6000000000000001,14,90,20,9,True
1211,0.6000000000000001,14,90,20,12,True
1212,0.6000000000000001,14,120,20,3,False
1213,0.6000000000000001,14,120,20,6,False
1214,0.6000000000000001,14,120,20,9,False
1215,0.6000000000000001,14,120,20,12,True
1216,0.6000000000000001,14,150,20,3,False
1217,0.6000000000000001,14,150,20,6,True
1218,0.6000000000000001,14,150,20,9,False
1219,0.6000000000000001,14,150,20,12,True
1220,0.6000000000000001,14,180,20,3,True
1221,0.6000000000000001,14,180,20,6,True
1222,0.6000000000000001,14,180,20,9,True
1223,0.6000000000000001,14,180,20,12,True
1224,0.6000000000000001,14,210,20,3,True
1225,0.6000000000000001,14,210,20,6,True
1226,0.6000000000000001,14,210,20,9,True
1227,0.6000000000000001,14,210,20,12,True
1228,0.6000000000000001,14,240,20,3,True
1229,0.6000000000000001,14,240,20,6,False
1230,0.6000000000000001,14,240,20,9,True
1231,0.6000000000000001,14,240,20,12,True
1232,0.6000000000000001,14,270,20,3,True
1233,0.6000000000000001,14,270,20,6,True
1234,0.6000000000000001,14,270,20,9,True
1235,0.6000000000000001,14,270,20,12,True
1236,0.6000000000000001,14,300,20,3,False
1237,0.6000000000000001,14,300,20,6,True
1238,0.6000000000000001,14,300,20,9,True
1239,0.6000000000000001,14,300,20,12,True
1240,0.6000000000000001,14,330,20,3,True
1241,0.6000000000000001,14,330,20,6,True
1242,0.6000000000000001,14,330,20,9,True
1243,0.6000000000000001,14,330,20,12,True
1244,0.6000000000000001,14,360,20,3,True
1245,0.6000000000000001,14,360,20,6,True
1246,0.6000000000000001,14,360,20,9,True
1247,0.6000000000000001,14,360,20,12,True
1248,0.6000000000000001,21,30,20,3,False
1249,0.6000000000000001,21,30,20,6,False
1250,0.6000000000000001,21,30,20,9,False
1251,0.6000000000000001,21,30,20,12,False
1252,0.6000000000000001,21,60,20,3,False
1253,0.6000000000000001,21,60,20,6,False
1254,0.6000000000000001,21,60,20,9,False
1255,0.6000000000000001,21,60,20,12,False
1256,0.6000000000000001,21,90,20,3,False
1257,0.6000000000000001,21,90,20,6,True
1258,0.6000000000000001,21,90,20,9,False
1259,0.6000000000000001,21,90,20,12,True
1260,0.6000000000000001,21,120,20,3,True
1261,0.6000000000000001,21,120,20,6,False
1262,0.6000000000000001,21,120,20,9,False
1263,0.6000000000000001,21,120,20,12,True
1264,0.6000000000000001,21,150,20,3,False
1265,0.6000000000000001,21,150,20,6,False
1266,0.6000000000000001,21,150,20,9,True
1267,0.6000000000000001,21,150,20,12,True
1268,0.6000000000000001,21,180,20,3,True
1269,0.6000000000000001,21,180,20,6,True
1270,0.6000000000000001,21,180,20,9,False
1271,0.6000000000000001,21,180,20,12,True
1272,0.6000000000000001,21,210,20,3,False
1273,0.6000000000000001,21,210,20,6,True
1274,0.6000000000000001,21,210,20,9,True
1275,0.6000000000000001,21,210,20,12,False
1276,0.6000000000000001,21,240,20,3,False
1277,0.6000000000000001,21,240,20,6,False
1278,0.6000000000000001,21,240,20,9,True
1279,0.6000000000000001,21,240,20,12,True
1280,0.6000000000000001,21,270,20,3,False
1281,0.6000000000000001,21,270,20,6,False
1282,0.6000000000000001,21,270,20,9,True
1283,0.6000000000000001,21,270,20,12,True
1284,0.6000000000000001,21,300,20,3,False
1285,0.6000000000000001,21,300,20,6,False
1286,0.6000000000000001,21,300,20,9,True
1287,0.6000000000000001,21,300,20,12,True
1288,0.6000000000000001,21,330,20,3,False
1289,0.6000000000000001,21,330,20,6,True
1290,0.6000000000000001,21,330,20,9,True
1291,0.6000000000000001,21,330,20,12,True
1292,0.6000000000000001,21,360,20,3,False
1293,0.6000000000000001,21,360,20,6,True
1294,0.6000000000000001,21,360,20,9,True
1295,0.6000000000000001,21,360,20,12,True
1296,0.6000000000000001,28,30,20,3,False
1297,0.6000000000000001,28,30,20,6,False
1298,0.6000000000000001,28,30,20,9,False
1299,0.6000000000000001,28,30,20,12,False
1300,0.6000000000000001,28,60,20,3,False
1301,0.6000000000000001,28,60,20,6,False
1302,0.6000000000000001,28,60,20,9,False
1303,0.6000000000000001,28,60,20,12,False
1304,0.6000000000000001,28,90,20,3,False
1305,0.6000000000000001,28,90,20,6,True
1306,0.6000000000000001,28,90,20,9,False
1307,0.6000000000000001,28,90,20,12,False
1308,0.6000000000000001,28,120,20,3,False
1309,0.6000000000000001,28,120,20,6,False
1310,0.6000000000000001,28,120,20,9,False
1311,0.6000000000000001,28,120,20,12,True
1312,0.6000000000000001,28,150,20,3,True
1313,0.6000000000000001,28,150,20,6,False
1314,0.6000000000000001,28,150,20,9,True
1315,0.6000000000000001,28,150,20,12,True
1316,0.6000000000000001,28,180,20,3,False
1317,0.6000000000000001,28,180,20,6,False
1318,0.6000000000000001,28,180,20,9,False
1319,0.6000000000000001,28,180,20,12,True
1320,0.6000000000000001,28,210,20,3,False
1321,0.6000000000000001,28,210,20,6,True
1322,0.6000000000000001,28,210,20,9,True
1323,0.6000000000000001,28,210,20,12,True
1324,0.6000000000000001,28,240,20,3,False
1325,0.6000000000000001,28,240,20,6,False
1326,0.6000000000000001,28,240,20,9,True
1327,0.6000000000000001,28,240,20,12,True
1328,0.6000000000000001,28,270,20,3,False
1329,0.6000000000000001,28,270,20,6,True
1330,0.6000000000000001,28,270,20,9,False
1331,0.6000000000000001,28,270,20,12,True
1332,0.6000000000000001,28,300,20,3,False
1333,0.6000000000000001,28,300,20,6,True
1334,0.6000000000000001,28,300,20,9,False
1335,0.6000000000000001,28,300,20,12,True
1336,0.6000000000000001,28,330,20,3,True
1337,0.6000000000000001,28,330,20,6,True
1338,0.6000000000000001,28,330,20,9,False
1339,0.6000000000000001,28,330,20,12,True
1340,0.6000000000000001,28,360,20,3,False
1341,0.6000000000000001,28,360,20,6,True
1342,0.6000000000000001,28,360,20,9,True
1343,0.6000000000000001,28,360,20,12,False
1344,0.7000000000000001,7,30,20,3,False
1345,0.7000000000000001,7,30,20,6,False
1346,0.7000000000000001,7,30,20,9,False
1347,0.7000000000000001,7,30,20,12,False
1348,0.7000000000000001,7,60,20,3,True
1349,0.7000000000000001,7,60,20,6,True
1350,0.7000000000000001,7,60,20,9,True
1351,0.7000000000000001,7,60,20,12,True
1352,0.7000000000000001,7,90,20,3,False
1353,0.7000000000000001,7,90,20,6,True
1354,0.7000000000000001,7,90,20,9,True
1355,0.7000000000000001,7,90,20,12,True
1356,0.7000000000000001,7,120,20,3,True
1357,0.7000000000000001,7,120,20,6,True
1358,0.7000000000000001,7,120,20,9,False
1359,0.7000000000000001,7,120,20,12,False
1360,0.7000000000000001,7,150,20,3,False
1361,0.7000000000000001,7,150,20,6,True
1362,0.7000000000000001,7,150,20,9,True
1363,0.7000000000000001,7,150,20,12,True
1364,0.7000000000000001,7,180,20,3,True
1365,0.7000000000000001,7,180,20,6,True
1366,0.7000000000000001,7,180,20,9,True
1367,0.7000000000000001,7,180,20,12,True
1368,0.7000000000000001,7,210,20,3,True
1369,0.7000000000000001,7,210,20,6,True
1370,0.7000000000000001,7,210,20,9,True
1371,0.7000000000000001,7,210,20,12,True
1372,0.7000000000000001,7,240,20,3,True
1373,0.7000000000000001,7,240,20,6,True
1374,0.7000000000000001,7,240,20,9,True
1375,0.7000000000000001,7,240,20,12,True
1376,0.7000000000000001,7,270,20,3,True
1377,0.7000000000000001,7,270,20,6,True
1378,0.7000000000000001,7,270,20,9,True
1379,0.7000000000000001,7,270,20,12,True
1380,0.7000000000000001,7,300,20,3,True
1381,0.7000000000000001,7,300,20,6,True
1382,0.7000000000000001,7,300,20,9,True
1383,0.7000000000000001,7,300,20,12,True
1384,0.7000000000000001,7,330,20,3,True
1385,0.7000000000000001,7,330,20,6,True
1386,0.7000000000000001,7,330,20,9,True
1387,0.7000000000000001,7,330,20,12,True
1388,0.7000000000000001,7,360,20,3,True
1389,0.7000000000000001,7,360,20,6,True
1390,0.7000000000000001,7,360,20,9,True
1391,0.7000000000000001,7,360,20,12,True
1392,0.7000000000000001,14,30,20,3,False
1393,0.7000000000000001,14,30,20,6,False
1394,0.7000000000000001,14,30,20,9,False
1395,0.7000000000000001,14,30,20,12,False
1396,0.7000000000000001,14,60,20,3,False
1397,0.7000000000000001,14,60,20,6,True
1398,0.7000000000000001,14,60,20,9,False
1399,0.7000000000000001,14,60,20,12,False
1400,0.7000000000000001,14,90,20,3,False
1401,0.7000000000000001,14,90,20,6,False
1402,0.7000000000000001,14,90,20,9,True
1403,0.7000000000000001,14,90,20,12,True
1404,0.7000000000000001,14,120,20,3,False
1405,0.7000000000000001,14,120,20,6,False
1406,0.7000000000000001,14,120,20,9,True
1407,0.7000000000000001,14,120,20,12,True
1408,0.7000000000000001,14,150,20,3,True
1409,0.7000000000000001,14,150,20,6,False
1410,0.7000000000000001,14,150,20,9,True
1411,0.7000000000000001,14,150,20,12,True
1412,0.7000000000000001,14,180,20,3,False
1413,0.7000000000000001,14,180,20,6,True
1414,0.7000000000000001,14,180,20,9,False
1415,0.7000000000000001,14,180,20,12,True
1416,0.7000000000000001,14,210,20,3,True
1417,0.7000000000000001,14,210,20,6,False
1418,0.7000000000000001,14,210,20,9,True
1419,0.7000000000000001,14,210,20,12,False
1420,0.7000000000000001,14,240,20,3,True
1421,0.7000000000000001,14,240,20,6,True
1422,0.7000000000000001,14,240,20,9,True
1423,0.7000000000000001,14,240,20,12,True
1424,0.7000000000000001,14,270,20,3,True
1425,0.7000000000000001,14,270,20,6,True
1426,0.7000000000000001,14,270,20,9,True
1427,0.7000000000000001,14,270,20,12,True
1428,0.7000000000000001,14,300,20,3,False
1429,0.7000000000000001,14,300,20,6,True
1430,0.7000000000000001,14,300,20,9,True
1431,0.7000000000000001,14,300,20,12,True
1432,0.7000000000000001,14,330,20,3,True
1433,0.7000000000000001,14,330,20,6,True
1434,0.7000000000000001,14,330,20,9,True
1435,0.7000000000000001,14,330,20,12,True
1436,0.7000000000000001,14,360,20,3,False
1437,0.7000000000000001,14,360,20,6,True
1438,0.7000000000000001,14,360,20,9,True
1439,0.7000000000000001,14,360,20,12,True
1440,0.7000000000000001,21,30,20,3,False
1441,0.7000000000000001,21,30,20,6,False
1442,0.7000000000000001,21,30,20,9,False
1443,0.7000000000000001,21,30,20,12,False
1444,0.7000000000000001,21,60,20,3,False
1445,0.7000000000000001,21,60,20,6,False
1446,0.7000000000000001,21,60,20,9,True
1447,0.7000000000000001,21,60,20,12,False
1448,0.7000000000000001,21,90,20,3,False
1449,0.7000000000000001,21,90,20,6,False
1450,0.7000000000000001,21,90,20,9,False
1451,0.7000000000000001,21,90,20,12,False
1452,0.7000000000000001,21,120,20,3,True
1453,0.7000000000000001,21,120,20,6,True
1454,0.7000000000000001,21,120,20,9,True
1455,0.7000000000000001,21,120,20,12,True
1456,0.7000000000000001,21,150,20,3,False
1457,0.7000000000000001,21,150,20,6,False
1458,0.7000000000000001,21,150,20,9,True
1459,0.7000000000000001,21,150,20,12,True
1460,0.7000000000000001,21,180,20,3,False
1461,0.7000000000000001,21,180,20,6,True
1462,0.7000000000000001,21,180,20,9,False
1463,0.7000000000000001,21,180,20,12,True
1464,0.7000000000000001,21,210,20,3,False
1465,0.7000000000000001,21,210,20,6,True
1466,0.7000000000000001,21,210,20,9,True
1467,0.7000000000000001,21,210,20,12,True
1468,0.7000000000000001,21,240,20,3,False
1469,0.7000000000000001,21,240,20,6,True
1470,0.7000000000000001,21,240,20,9,True
1471,0.7000000000000001,21,240,20,12,True
1472,0.7000000000000001,21,270,20,3,False
1473,0.7000000000000001,21,270,20,6,True
1474,0.7000000000000001,21,270,20,9,True
1475,0.7000000000000001,21,270,20,12,True
1476,0.7000000000000001,21,300,20,3,False
1477,0.7000000000000001,21,300,20,6,True
1478,0.7000000000000001,21,300,20,9,False
1479,0.7000000000000001,21,300,20,12,True
1480,0.7000000000000001,21,330,20,3,True
1481,0.7000000000000001,21,330,20,6,True
1482,0.7000000000000001,21,330,20,9,True
1483,0.7000000000000001,21,330,20,12,True
1484,0.7000000000000001,21,360,20,3,False
1485,0.7000000000000001,21,360,20,6,False
1486,0.7000000000000001,21,360,20,9,True
1487,0.7000000000000001,21,360,20,12,True
1488,0.7000000000000001,28,30,20,3,False
1489,0.7000000000000001,28,30,20,6,False
1490,0.7000000000000001,28,30,20,9,False
1491,0.7000000000000001,28,30,20,12,False
1492,0.7000000000000001,28,60,20,3,False
1493,0.7000000000000001,28,60,20,6,False
1494,0.7000000000000001,28,60,20,9,False
1495,0.7000000000000001,28,60,20,12,False
1496,0.7000000000000001,28,90,20,3,False
1497,0.7000000000000001,28,90,20,6,False
1498,0.7000000000000001,28,90,20,9,False
1499,0.7000000000000001,28,90,20,12,False
1500,0.7000000000000001,28,120,20,3,False
1501,0.7000000000000001,28,120,20,6,False
1502,0.7000000000000001,28,120,20,9,False
1503,0.7000000000000001,28,120,20,12,False
1504,0.7000000000000001,28,150,20,3,False
1505,0.7000000000000001,28,150,20,6,False
1506,0.7000000000000001,28,150,20,9,True
1507,0.7000000000000001,28,150,20,12,True
1508,0.7000000000000001,28,180,20,3,False
1509,0.7000000000000001,28,180,20,6,False
1510,0.7000000000000001,28,180,20,9,False
1511,0.7000000000000001,28,180,20,12,True
1512,0.7000000000000001,28,210,20,3,False
1513,0.7000000000000001,28,210,20,6,True
1514,0.7000000000000001,28,210,20,9,False
1515,0.7000000000000001,28,210,20,12,True
1516,0.7000000000000001,28,240,20,3,True
1517,0.7000000000000001,28,240,20,6,True
1518,0.7000000000000001,28,240,20,9,True
1519,0.7000000000000001,28,240,20,12,False
1520,0.7000000000000001,28,270,20,3,False
1521,0.7000000000000001,28,270,20,6,False
1522,0.7000000000000001,28,270,20,9,True
1523,0.7000000000000001,28,270,20,12,True
1524,0.7000000000000001,28,300,20,3,False
1525,0.7000000000000001,28,300,20,6,True
1526,0.7000000000000001,28,300,20,9,True
1527,0.7000000000000001,28,300,20,12,True
1528,0.7000000000000001,28,330,20,3,False
1529,0.7000000000000001,28,330,20,6,True
1530,0.7000000000000001,28,330,20,9,True
1531,0.7000000000000001,28,330,20,12,True
1532,0.7000000000000001,28,360,20,3,False
1533,0.7000000000000001,28,360,20,6,True
1534,0.7000000000000001,28,360,20,9,True
1535,0.7000000000000001,28,360,20,12,True
1536,0.8,7,30,20,3,False
1537,0.8,7,30,20,6,False
1538,0.8,7,30,20,9,False
1539,0.8,7,30,20,12,False
1540,0.8,7,60,20,3,False
1541,0.8,7,60,20,6,True
1542,0.8,7,60,20,9,True
1543,0.8,7,60,20,12,True
1544,0.8,7,90,20,3,True
1545,0.8,7,90,20,6,True
1546,0.8,7,90,20,9,True
1547,0.8,7,90,20,12,True
1548,0.8,7,120,20,3,False
1549,0.8,7,120,20,6,True
1550,0.8,7,120,20,9,True
1551,0.8,7,120,20,12,True
1552,0.8,7,150,20,3,False
1553,0.8,7,150,20,6,False
1554,0.8,7,150,20,9,True
1555,0.8,7,150,20,12,True
1556,0.8,7,180,20,3,True
1557,0.8,7,180,20,6,True
1558,0.8,7,180,20,9,True
1559,0.8,7,180,20,12,True
1560,0.8,7,210,20,3,True
1561,0.8,7,210,20,6,True
1562,0.8,7,210,20,9,True
1563,0.8,7,210,20,12,True
1564,0.8,7,240,20,3,False
1565,0.8,7,240,20,6,True
1566,0.8,7,240,20,9,True
1567,0.8,7,240,20,12,True
1568,0.8,7,270,20,3,True
1569,0.8,7,270,20,6,True
1570,0.8,7,270,20,9,True
1571,0.8,7,270,20,12,True
1572,0.8,7,300,20,3,True
1573,0.8,7,300,20,6,True
1574,0.8,7,300,20,9,True
1575,0.8,7,300,20,12,True
1576,0.8,7,330,20,3,True
1577,0.8,7,330,20,6,True
1578,0.8,7,330,20,9,True
1579,0.8,7,330,20,12,True
1580,0.8,7,360,20,3,True
1581,0.8,7,360,20,6,True
1582,0.8,7,360,20,9,True
1583,0.8,7,360,20,12,True
1584,0.8,14,30,20,3,False
1585,0.8,14,30,20,6,False
1586,0.8,14,30,20,9,False
1587,0.8,14,30,20,12,False
1588,0.8,14,60,20,3,False
1589,0.8,14,60,20,6,True
1590,0.8,14,60,20,9,False
1591,0.8,14,60,20,12,False
1592,0.8,14,90,20,3,False
1593,0.8,14,90,20,6,True
1594,0.8,14,90,20,9,True
1595,0.8,14,90,20,12,True
1596,0.8,14,120,20,3,False
1597,0.8,14,120,20,6,False
1598,0.8,14,120,20,9,True
1599,0.8,14,120,20,12,True
1600,0.8,14,150,20,3,True
1601,0.8,14,150,20,6,True
1602,0.8,14,150,20,9,False
1603,0.8,14,150,20,12,True
1604,0.8,14,180,20,3,False
1605,0.8,14,180,20,6,True
1606,0.8,14,180,20,9,True
1607,0.8,14,180,20,12,True
1608,0.8,14,210,20,3,True
1609,0.8,14,210,20,6,True
1610,0.8,14,210,20,9,True
1611,0.8,14,210,20,12,True
1612,0.8,14,240,20,3,False
1613,0.8,14,240,20,6,True
1614,0.8,14,240,20,9,True
1615,0.8,14,240,20,12,True
1616,0.8,14,270,20,3,True
1617,0.8,14,270,20,6,True
1618,0.8,14,270,20,9,True
1619,0.8,14,270,20,12,True
1620,0.8,14,300,20,3,True
1621,0.8,14,300,20,6,True
1622,0.8,14,300,20,9,True
1623,0.8,14,300,20,12,True
1624,0.8,14,330,20,3,True
1625,0.8,14,330,20,6,True
1626,0.8,14,330,20,9,True
1627,0.8,14,330,20,12,True
1628,0.8,14,360,20,3,True
1629,0.8,14,360,20,6,True
1630,0.8,14,360,20,9,True
1631,0.8,14,360,20,12,True
1632,0.8,21,30,20,3,False
1633,0.8,21,30,20,6,False
1634,0.8,21,30,20,9,False
1635,0.8,21,30,20,12,False
1636,0.8,21,60,20,3,True
1637,0.8,21,60,20,6,False
1638,0.8,21,60,20,9,False
1639,0.8,21,60,20,12,False
1640,0.8,21,90,20,3,False
1641,0.8,21,90,20,6,False
1642,0.8,21,90,20,9,True
1643,0.8,21,90,20,12,False
1644,0.8,21,120,20,3,False
1645,0.8,21,120,20,6,False
1646,0.8,21,120,20,9,False
1647,0.8,21,120,20,12,False
1648,0.8,21,150,20,3,False
1649,0.8,21,150,20,6,False
1650,0.8,21,150,20,9,True
1651,0.8,21,150,20,12,True
1652,0.8,21,180,20,3,False
1653,0.8,21,180,20,6,True
1654,0.8,21,180,20,9,True
1655,0.8,21,180,20,12,True
1656,0.8,21,210,20,3,False
1657,0.8,21,210,20,6,False
1658,0.8,21,210,20,9,False
1659,0.8,21,210,20,12,True
1660,0.8,21,240,20,3,False
1661,0.8,21,240,20,6,True
1662,0.8,21,240,20,9,True
1663,0.8,21,240,20,12,False
1664,0.8,21,270,20,3,True
1665,0.8,21,270,20,6,True
1666,0.8,21,270,20,9,True
1667,0.8,21,270,20,12,True
1668,0.8,21,300,20,3,True
1669,0.8,21,300,20,6,True
1670,0.8,21,300,20,9,False
1671,0.8,21,300,20,12,True
1672,0.8,21,330,20,3,True
1673,0.8,21,330,20,6,False
1674,0.8,21,330,20,9,True
1675,0.8,21,330,20,12,True
1676,0.8,21,360,20,3,False
1677,0.8,21,360,20,6,True
1678,0.8,21,360,20,9,True
1679,0.8,21,360,20,12,True
1680,0.8,28,30,20,3,False
1681,0.8,28,30,20,6,False
1682,0.8,28,30,20,9,False
1683,0.8,28,30,20,12,False
1684,0.8,28,60,20,3,False
1685,0.8,28,60,20,6,False
1686,0.8,28,60,20,9,False
1687,0.8,28,60,20,12,False
1688,0.8,28,90,20,3,True
1689,0.8,28,90,20,6,False
1690,0.8,28,90,20,9,True
1691,0.8,28,90,20,12,True
1692,0.8,28,120,20,3,False
1693,0.8,28,120,20,6,False
1694,0.8,28,120,20,9,False
1695,0.8,28,120,20,12,False
1696,0.8,28,150,20,3,False
1697,0.8,28,150,20,6,True
1698,0.8,28,150,20,9,False
1699,0.8,28,150,20,12,False
1700,0.8,28,180,20,3,True
1701,0.8,28,180,20,6,False
1702,0.8,28,180,20,9,False
1703,0.8,28,180,20,12,True
1704,0.8,28,210,20,3,False
1705,0.8,28,210,20,6,True
1706,0.8,28,210,20,9,True
1707,0.8,28,210,20,12,True
1708,0.8,28,240,20,3,False
1709,0.8,28,240,20,6,True
1710,0.8,28,240,20,9,True
1711,0.8,28,240,20,12,True
1712,0.8,28,270,20,3,True
1713,0.8,28,270,20,6,True
1714,0.8,28,270,20,9,True
1715,0.8,28,270,20,12,True
1716,0.8,28,300,20,3,True
1717,0.8,28,300,20,6,True
1718,0.8,28,300,20,9,True
1719,0.8,28,300,20,12,False
1720,0.8,28,330,20,3,False
1721,0.8,28,330,20,6,False
1722,0.8,28,330,20,9,True
1723,0.8,28,330,20,12,True
1724,0.8,28,360,20,3,False
1725,0.8,28,360,20,6,False
1726,0.8,28,360,20,9,True
1727,0.8,28,360,20,12,True
1728,0.9,7,30,20,3,False
1729,0.9,7,30,20,6,True
1730,0.9,7,30,20,9,False
1731,0.9,7,30,20,12,False
1732,0.9,7,60,20,3,False
1733,0.9,7,60,20,6,False
1734,0.9,7,60,20,9,False
1735,0.9,7,60,20,12,False
1736,0.9,7,90,20,3,True
1737,0.9,7,90,20,6,False
1738,0.9,7,90,20,9,False
1739,0.9,7,90,20,12,True
1740,0.9,7,120,20,3,False
1741,0.9,7,120,20,6,True
1742,0.9,7,120,20,9,True
1743,0.9,7,120,20,12,True
1744,0.9,7,150,20,3,False
1745,0.9,7,150,20,6,True
1746,0.9,7,150,20,9,True
1747,0.9,7,150,20,12,True
1748,0.9,7,180,20,3,True
1749,0.9,7,180,20,6,True
1750,0.9,7,180,20,9,True
1751,0.9,7,180,20,12,True
1752,0.9,7,210,20,3,False
1753,0.9,7,210,20,6,True
1754,0.9,7,210,20,9,False
1755,0.9,7,210,20,12,True
1756,0.9,7,240,20,3,True
1757,0.9,7,240,20,6,True
1758,0.9,7,240,20,9,True
1759,0.9,7,240,20,12,True
1760,0.9,7,270,20,3,True
1761,0.9,7,270,20,6,False
1762,0.9,7,270,20,9,True
1763,0.9,7,270,20,12,True
1764,0.9,7,300,20,3,True
1765,0.9,7,300,20,6,True
1766,0.9,7,300,20,9,True
1767,0.9,7,300,20,12,True
1768,0.9,7,330,20,3,False
1769,0.9,7,330,20,6,True
1770,0.9,7,330,20,9,True
1771,0.9,7,330,20,12,True
1772,0.9,7,360,20,3,True
1773,0.9,7,360,20,6,True
1774,0.9,7,360,20,9,True
1775,0.9,7,360,20,12,True
1776,0.9,14,30,20,3,False
1777,0.9,14,30,20,6,False
1778,0.9,14,30,20,9,False
1779,0.9,14,30,20,12,False
1780,0.9,14,60,20,3,False
1781,0.9,14,60,20,6,True
1782,0.9,14,60,20,9,False
1783,0.9,14,60,20,12,True
1784,0.9,14,90,20,3,False
1785,0.9,14,90,20,6,True
1786,0.9,14,90,20,9,False
1787,0.9,14,90,20,12,True
1788,0.9,14,120,20,3,False
1789,0.9,14,120,20,6,False
1790,0.9,14,120,20,9,False
1791,0.9,14,120,20,12,True
1792,0.9,14,150,20,3,False
1793,0.9,14,150,20,6,False
1794,0.9,14,150,20,9,False
1795,0.9,14,150,20,12,True
1796,0.9,14,180,20,3,False
1797,0.9,14,180,20,6,True
1798,0.9,14,180,20,9,True
1799,0.9,14,180,20,12,True
1800,0.9,14,210,20,3,True
1801,0.9,14,210,20,6,True
1802,0.9,14,210,20,9,True
1803,0.9,14,210,20,12,True
1804,0.9,14,240,20,3,True
1805,0.9,14,240,20,6,True
1806,0.9,14,240,20,9,True
1807,0.9,14,240,20,12,True
1808,0.9,14,270,20,3,True
1809,0.9,14,270,20,6,False
1810,0.9,14,270,20,9,True
1811,0.9,14,270,20,12,True
1812,0.9,14,300,20,3,True
1813,0.9,14,300,20,6,True
1814,0.9,14,300,20,9,True
1815,0.9,14,300,20,12,True
1816,0.9,14,330,20,3,False
1817,0.9,14,330,20,6,True
1818,0.9,14,330,20,9,True
1819,0.9,14,330,20,12,True
1820,0.9,14,360,20,3,True
1821,0.9,14,360,20,6,True
1822,0.9,14,360,20,9,True
1823,0.9,14,360,20,12,True
1824,0.9,21,30,20,3,False
1825,0.9,21,30,20,6,True
1826,0.9,21,30,20,9,False
1827,0.9,21,30,20,12,False
1828,0.9,21,60,20,3,False
1829,0.9,21,60,20,6,False
1830,0.9,21,60,20,9,False
1831,0.9,21,60,20,12,False
1832,0.9,21,90,20,3,False
1833,0.9,21,90,20,6,False
1834,0.9,21,90,20,9,False
1835,0.9,21,90,20,12,False
1836,0.9,21,120,20,3,False
1837,0.9,21,120,20,6,False
1838,0.9,21,120,20,9,False
1839,0.9,21,120,20,12,False
1840,0.9,21,150,20,3,False
1841,0.9,21,150,20,6,True
1842,0.9,21,150,20,9,True
1843,0.9,21,150,20,12,True
1844,0.9,21,180,20,3,True
1845,0.9,21,180,20,6,False
1846,0.9,21,180,20,9,False
1847,0.9,21,180,20,12,True
1848,0.9,21,210,20,3,True
1849,0.9,21,210,20,6,False
1850,0.9,21,210,20,9,False
1851,0.9,21,210,20,12,True
1852,0.9,21,240,20,3,True
1853,0.9,21,240,20,6,False
1854,0.9,21,240,20,9,True
1855,0.9,21,240,20,12,True
1856,0.9,21,270,20,3,False
1857,0.9,21,270,20,6,False
1858,0.9,21,270,20,9,True
1859,0.9,21,270,20,12,False
1860,0.9,21,300,20,3,True
1861,0.9,21,300,20,6,False
1862,0.9,21,300,20,9,True
1863,0.9,21,300,20,12,True
1864,0.9,21,330,20,3,False
1865,0.9,21,330,20,6,True
1866,0.9,21,330,20,9,False
1867,0.9,21,330,20,12,True
1868,0.9,21,360,20,3,False
1869,0.9,21,360,20,6,True
1870,0.9,21,360,20,9,True
1871,0.9,21,360,20,12,True
1872,0.9,28,30,20,3,False
1873,0.9,28,30,20,6,False
1874,0.9,28,30,20,9,False
1875,0.9,28,30,20,12,False
1876,0.9,28,60,20,3,False
1877,0.9,28,60,20,6,False
1878,0.9,28,60,20,9,False
1879,0.9,28,60,20,12,False
1880,0.9,28,90,20,3,True
1881,0.9,28,90,20,6,True
1882,0.9,28,90,20,9,False
1883,0.9,28,90,20,12,False
1884,0.9,28,120,20,3,False
1885,0.9,28,120,20,6,False
1886,0.9,28,120,20,9,True
1887,0.9,28,120,20,12,False
1888,0.9,28,150,20,3,False
1889,0.9,28,150,20,6,False
1890,0.9,28,150,20,9,False
1891,0.9,28,150,20,12,True
1892,0.9,28,180,20,3,False
1893,0.9,28,180,20,6,False
1894,0.9,28,180,20,9,False
1895,0.9,28,180,20,12,True
1896,0.9,28,210,20,3,False
1897,0.9,28,210,20,6,False
1898,0.9,28,210,20,9,True
1899,0.9,28,210,20,12,False
1900,0.9,28,240,20,3,False
1901,0.9,28,240,20,6,False
1902,0.9,28,240,20,9,True
1903,0.9,28,240,20,12,True
1904,0.9,28,270,20,3,True
1905,0.9,28,270,20,6,False
1906,0.9,28,270,20,9,False
1907,0.9,28,270,20,12,True
1908,0.9,28,300,20,3,False
1909,0.9,28,300,20,6,False
1910,0.9,28,300,20,9,False
1911,0.9,28,300,20,12,True
1912,0.9,28,330,20,3,True
1913,0.9,28,330,20,6,True
1914,0.9,28,330,20,9,True
1915,0.9,28,330,20,12,True
1916,0.9,28,360,20,3,False
1917,0.9,28,360,20,6,True
1918,0.9,28,360,20,9,True
1919,0.9,28,360,20,12,True
1920,1.0,7,30,20,3,False
1921,1.0,7,30,20,6,False
1922,1.0,7,30,20,9,False
1923,1.0,7,30,20,12,False
1924,1.0,7,60,20,3,False
1925,1.0,7,60,20,6,False
1926,1.0,7,60,20,9,False
1927,1.0,7,60,20,12,True
1928,1.0,7,90,20,3,True
1929,1.0,7,90,20,6,True
1930,1.0,7,90,20,9,True
1931,1.0,7,90,20,12,True
1932,1.0,7,120,20,3,False
1933,1.0,7,120,20,6,True
1934,1.0,7,120,20,9,False
1935,1.0,7,120,20,12,True
1936,1.0,7,150,20,3,True
1937,1.0,7,150,20,6,True
1938,1.0,7,150,20,9,True
1939,1.0,7,150,20,12,True
1940,1.0,7,180,20,3,False
1941,1.0,7,180,20,6,True
1942,1.0,7,180,20,9,True
1943,1.0,7,180,20,12,True
1944,1.0,7,210,20,3,False
1945,1.0,7,210,20,6,True
1946,1.0,7,210,20,9,True
1947,1.0,7,210,20,12,True
1948,1.0,7,240,20,3,True
1949,1.0,7,240,20,6,True
1950,1.0,7,240,20,9,True
1951,1.0,7,240,20,12,True
1952,1.0,7,270,20,3,True
1953,1.0,7,270,20,6,True
1954,1.0,7,270,20,9,True
1955,1.0,7,270,20,12,True
1956,1.0,7,300,20,3,True
1957,1.0,7,300,20,6,True
1958,1.0,7,300,20,9,False
1959,1.0,7,300,20,12,True
1960,1.0,7,330,20,3,True
1961,1.0,7,330,20,6,True
1962,1.0,7,330,20,9,True
1963,1.0,7,330,20,12,True
1964,1.0,7,360,20,3,True
1965,1.0,7,360,20,6,True
1966,1.0,7,360,20,9,False
1967,1.0,7,360,20,12,True
1968,1.0,14,30,20,3,False
1969,1.0,14,30,20,6,False
1970,1.0,14,30,20,9,False
1971,1.0,14,30,20,12,False
1972,1.0,14,60,20,3,False
1973,1.0,14,60,20,6,False
1974,1.0,14,60,20,9,False
1975,1.0,14,60,20,12,False
1976,1.0,14,90,20,3,True
1977,1.0,14,90,20,6,True
1978,1.0,14,90,20,9,True
1979,1.0,14,90,20,12,True
1980,1.0,14,120,20,3,False
1981,1.0,14,120,20,6,True
1982,1.0,14,120,20,9,False
1983,1.0,14,120,20,12,True
1984,1.0,14,150,20,3,False
1985,1.0,14,150,20,6,True
1986,1.0,14,150,20,9,True
1987,1.0,14,150,20,12,True
1988,1.0,14,180,20,3,False
1989,1.0,14,180,20,6,True
1990,1.0,14,180,20,9,False
1991,1.0,14,180,20,12,True
1992,1.0,14,210,20,3,True
1993,1.0,14,210,20,6,False
1994,1.0,14,210,20,9,True
1995,1.0,14,210,20,12,True
1996,1.0,14,240,20,3,False
1997,1.0,14,240,20,6,True
1998,1.0,14,240,20,9,True
1999,1.0,14,240,20,12,True
2000,1.0,14,270,20,3,True
2001,1.0,14,270,20,6,True
2002,1.0,14,270,20,9,True
2003,1.0,14,270,20,12,True
2004,1.0,14,300,20,3,True
2005,1.0,14,300,20,6,True
2006,1.0,14,300,20,9,True
2007,1.0,14,300,20,12,True
2008,1.0,14,330,20,3,True
2009,1.0,14,330,20,6,True
2010,1.0,14,330,20,9,True
2011,1.0,14,330,20,12,True
2012,1.0,14,360,20,3,True
2013,1.0,14,360,20,6,True
2014,1.0,14,360,20,9,True
2015,1.0,14,360,20,12,True
2016,1.0,21,30,20,3,False
2017,1.0,21,30,20,6,False
2018,1.0,21,30,20,9,False
2019,1.0,21,30,20,12,False
2020,1.0,21,60,20,3,False
2021,1.0,21,60,20,6,False
2022,1.0,21,60,20,9,True
2023,1.0,21,60,20,12,True
2024,1.0,21,90,20,3,False
2025,1.0,21,90,20,6,True
2026,1.0,21,90,20,9,False
2027,1.0,21,90,20,12,False
2028,1.0,21,120,20,3,True
2029,1.0,21,120,20,6,False
2030,1.0,21,120,20,9,False
2031,1.0,21,120,20,12,True
2032,1.0,21,150,20,3,True
2033,1.0,21,150,20,6,True
2034,1.0,21,150,20,9,True
2035,1.0,21,150,20,12,True
2036,1.0,21,180,20,3,False
2037,1.0,21,180,20,6,False
2038,1.0,21,180,20,9,True
2039,1.0,21,180,20,12,True
2040,1.0,21,210,20,3,True
2041,1.0,21,210,20,6,False
2042,1.0,21,210,20,9,True
2043,1.0,21,210,20,12,True
2044,1.0,21,240,20,3,False
2045,1.0,21,240,20,6,True
2046,1.0,21,240,20,9,True
2047,1.0,21,240,20,12,True
2048,1.0,21,270,20,3,True
2049,1.0,21,270,20,6,False
2050,1.0,21,270,20,9,False
2051,1.0,21,270,20,12,True
2052,1.0,21,300,20,3,False
2053,1.0,21,300,20,6,True
2054,1.0,21,300,20,9,True
2055,1.0,21,300,20,12,True
2056,1.0,21,330,20,3,True
2057,1.0,21,330,20,6,True
2058,1.0,21,330,20,9,True
2059,1.0,21,330,20,12,True
2060,1.0,21,360,20,3,False
2061,1.0,21,360,20,6,False
2062,1.0,21,360,20,9,True
2063,1.0,21,360,20,12,True
2064,1.0,28,30,20,3,False
2065,1.0,28,30,20,6,False
2066,1.0,28,30,20,9,False
2067,1.0,28,30,20,12,False
2068,1.0,28,60,20,3,False
2069,1.0,28,60,20,6,False
2070,1.0,28,60,20,9,False
2071,1.0,28,60,20,12,False
2072,1.0,28,90,20,3,False
2073,1.0,28,90,20,6,False
2074,1.0,28,90,20,9,True
2075,1.0,28,90,20,12,False
2076,1.0,28,120,20,3,False
2077,1.0,28,120,20,6,False
2078,1.0,28,120,20,9,False
2079,1.0,28,120,20,12,False
2080,1.0,28,150,20,3,False
2081,1.0,28,150,20,6,False
2082,1.0,28,150,20,9,False
2083,1.0,28,150,20,12,False
2084,1.0,28,180,20,3,False
2085,1.0,28,180,20,6,True
2086,1.0,28,180,20,9,False
2087,1.0,28,180,20,12,False
2088,1.0,28,210,20,3,False
2089,1.0,28,210,20,6,False
2090,1.0,28,210,20,9,True
2091,1.0,28,210,20,12,False
2092,1.0,28,240,20,3,False
2093,1.0,28,240,20,6,False
2094,1.0,28,240,20,9,True
2095,1.0,28,240,20,12,True
2096,1.0,28,270,20,3,False
2097,1.0,28,270,20,6,True
2098,1.0,28,270,20,9,True
2099,1.0,28,270,20,12,True
2100,1.0,28,300,20,3,False
2101,1.0,28,300,20,6,True
2102,1.0,28,300,20,9,True
2103,1.0,28,300,20,12,True
2104,1.0,28,330,20,3,False
2105,1.0,28,330,20,6,True
2106,1.0,28,330,20,9,True
2107,1.0,28,330,20,12,True
2108,1.0,28,360,20,3,False
2109,1.0,28,360,20,6,True
2110,1.0,28,360,20,9,True
2111,1.0,28,360,20,12,True
2112,1.1,7,30,20,3,False
2113,1.1,7,30,20,6,True
2114,1.1,7,30,20,9,False
2115,1.1,7,30,20,12,True
2116,1.1,7,60,20,3,False
2117,1.1,7,60,20,6,True
2118,1.1,7,60,20,9,True
2119,1.1,7,60,20,12,True
2120,1.1,7,90,20,3,False
2121,1.1,7,90,20,6,True
2122,1.1,7,90,20,9,False
2123,1.1,7,90,20,12,True
2124,1.1,7,120,20,3,False
2125,1.1,7,120,20,6,True
2126,1.1,7,120,20,9,True
2127,1.1,7,120,20,12,False
2128,1.1,7,150,20,3,False
2129,1.1,7,150,20,6,True
2130,1.1,7,150,20,9,True
2131,1.1,7,150,20,12,True
2132,1.1,7,180,20,3,False
2133,1.1,7,180,20,6,True
2134,1.1,7,180,20,9,True
2135,1.1,7,180,20,12,True
2136,1.1,7,210,20,3,False
2137,1.1,7,210,20,6,True
2138,1.1,7,210,20,9,False
2139,1.1,7,210,20,12,True
2140,1.1,7,240,20,3,False
2141,1.1,7,240,20,6,True
2142,1.1,7,240,20,9,True
2143,1.1,7,240,20,12,True
2144,1.1,7,270,20,3,True
2145,1.1,7,270,20,6,True
2146,1.1,7,270,20,9,True
2147,1.1,7,270,20,12,True
2148,1.1,7,300,20,3,False
2149,1.1,7,300,20,6,True
2150,1.1,7,300,20,9,False
2151,1.1,7,300,20,12,True
2152,1.1,7,330,20,3,True
2153,1.1,7,330,20,6,True
2154,1.1,7,330,20,9,False
2155,1.1,7,330,20,12,True
2156,1.1,7,360,20,3,True
2157,1.1,7,360,20,6,True
2158,1.1,7,360,20,9,True
2159,1.1,7,360,20,12,True
2160,1.1,14,30,20,3,False
2161,1.1,14,30,20,6,True
2162,1.1,14,30,20,9,False
2163,1.1,14,30,20,12,False
2164,1.1,14,60,20,3,False
2165,1.1,14,60,20,6,False
2166,1.1,14,60,20,9,False
2167,1.1,14,60,20,12,True
2168,1.1,14,90,20,3,False
2169,1.1,14,90,20,6,False
2170,1.1,14,90,20,9,True
2171,1.1,14,90,20,12,True
2172,1.1,14,120,20,3,True
2173,1.1,14,120,20,6,True
2174,1.1,14,120,20,9,False
2175,1.1,14,120,20,12,True
2176,1.1,14,150,20,3,False
2177,1.1,14,150,20,6,True
2178,1.1,14,150,20,9,True
2179,1.1,14,150,20,12,False
2180,1.1,14,180,20,3,False
2181,1.1,14,180,20,6,False
2182,1.1,14,180,20,9,True
2183,1.1,14,180,20,12,True
2184,1.1,14,210,20,3,False
2185,1.1,14,210,20,6,True
2186,1.1,14,210,20,9,False
2187,1.1,14,210,20,12,True
2188,1.1,14,240,20,3,False
2189,1.1,14,240,20,6,True
2190,1.1,14,240,20,9,True
2191,1.1,14,240,20,12,True
2192,1.1,14,270,20,3,True
2193,1.1,14,270,20,6,False
2194,1.1,14,270,20,9,True
2195,1.1,14,270,20,12,True
2196,1.1,14,300,20,3,True
2197,1.1,14,300,20,6,True
2198,1.1,14,300,20,9,False
2199,1.1,14,300,20,12,True
2200,1.1,14,330,20,3,True
2201,1.1,14,330,20,6,True
2202,1.1,14,330,20,9,False
2203,1.1,14,330,20,12,True
2204,1.1,14,360,20,3,False
2205,1.1,14,360,20,6,True
2206,1.1,14,360,20,9,True
2207,1.1,14,360,20,12,True
2208,1.1,21,30,20,3,False
2209,1.1,21,30,20,6,False
2210,1.1,21,30,20,9,False
2211,1.1,21,30,20,12,False
2212,1.1,21,60,20,3,False
2213,1.1,21,60,20,6,False
2214,1.1,21,60,20,9,False
2215,1.1,21,60,20,12,False
2216,1.1,21,90,20,3,True
2217,1.1,21,90,20,6,True
2218,1.1,21,90,20,9,True
2219,1.1,21,90,20,12,False
2220,1.1,21,120,20,3,False
2221,1.1,21,120,20,6,False
2222,1.1,21,120,20,9,True
2223,1.1,21,120,20,12,False
2224,1.1,21,150,20,3,True
2225,1.1,21,150,20,6,False
2226,1.1,21,150,20,9,False
2227,1.1,21,150,20,12,False
2228,1.1,21,180,20,3,False
2229,1.1,21,180,20,6,True
2230,1.1,21,180,20,9,False
2231,1.1,21,180,20,12,True
2232,1.1,21,210,20,3,False
2233,1.1,21,210,20,6,True
2234,1.1,21,210,20,9,True
2235,1.1,21,210,20,12,True
2236,1.1,21,240,20,3,False
2237,1.1,21,240,20,6,False
2238,1.1,21,240,20,9,False
2239,1.1,21,240,20,12,True
2240,1.1,21,270,20,3,False
2241,1.1,21,270,20,6,False
2242,1.1,21,270,20,9,True
2243,1.1,21,270,20,12,True
2244,1.1,21,300,20,3,False
2245,1.1,21,300,20,6,False
2246,1.1,21,300,20,9,False
2247,1.1,21,300,20,12,True
2248,1.1,21,330,20,3,True
2249,1.1,21,330,20,6,False
2250,1.1,21,330,20,9,True
2251,1.1,21,330,20,12,True
2252,1.1,21,360,20,3,False
2253,1.1,21,360,20,6,False
2254,1.1,21,360,20,9,True
2255,1.1,21,360,20,12,True
2256,1.1,28,30,20,3,False
2257,1.1,28,30,20,6,False
2258,1.1,28,30,20,9,False
2259,1.1,28,30,20,12,False
2260,1.1,28,60,20,3,False
2261,1.1,28,60,20,6,False
2262,1.1,28,60,20,9,False
2263,1.1,28,60,20,12,False
2264,1.1,28,90,20,3,False
2265,1.1,28,90,20,6,False
2266,1.1,28,90,20,9,False
2267,1.1,28,90,20,12,False
2268,1.1,28,120,20,3,False
2269,1.1,28,120,20,6,False
2270,1.1,28,120,20,9,False
2271,1.1,28,120,20,12,False
2272,1.1,28,150,20,3,True
2273,1.1,28,150,20,6,True
2274,1.1,28,150,20,9,True
2275,1.1,28,150,20,12,True
2276,1.1,28,180,20,3,False
2277,1.1,28,180,20,6,False
2278,1.1,28,180,20,9,False
2279,1.1,28,180,20,12,False
2280,1.1,28,210,20,3,False
2281,1.1,28,210,20,6,False
2282,1.1,28,210,20,9,False
2283,1.1,28,210,20,12,False
2284,1.1,28,240,20,3,True
2285,1.1,28,240,20,6,False
2286,1.1,28,240,20,9,True
2287,1.1,28,240,20,12,True
2288,1.1,28,270,20,3,True
2289,1.1,28,270,20,6,True
2290,1.1,28,270,20,9,False
2291,1.1,28,270,20,12,True
2292,1.1,28,300,20,3,False
2293,1.1,28,300,20,6,False
2294,1.1,28,300,20,9,False
2295,1.1,28,300,20,12,True
2296,1.1,28,330,20,3,False
2297,1.1,28,330,20,6,False
2298,1.1,28,330,20,9,True
2299,1.1,28,330,20,12,True
2300,1.1,28,360,20,3,False
2301,1.1,28,360,20,6,True
2302,1.1,28,360,20,9,True
2303,1.1,28,360,20,12,True
2304,1.2000000000000002,7,30,20,3,False
2305,1.2000000000000002,7,30,20,6,False
2306,1.2000000000000002,7,30,20,9,True
2307,1.2000000000000002,7,30,20,12,True
2308,1.2000000000000002,7,60,20,3,False
2309,1.2000000000000002,7,60,20,6,True
2310,1.2000000000000002,7,60,20,9,True
2311,1.2000000000000002,7,60,20,12,False
2312,1.2000000000000002,7,90,20,3,False
2313,1.2000000000000002,7,90,20,6,False
2314,1.2000000000000002,7,90,20,9,True
2315,1.2000000000000002,7,90,20,12,True
2316,1.2000000000000002,7,120,20,3,False
2317,1.2000000000000002,7,120,20,6,True
2318,1.2000000000000002,7,120,20,9,True
2319,1.2000000000000002,7,120,20,12,True
2320,1.2000000000000002,7,150,20,3,True
2321,1.2000000000000002,7,150,20,6,True
2322,1.2000000000000002,7,150,20,9,True
2323,1.2000000000000002,7,150,20,12,True
2324,1.2000000000000002,7,180,20,3,True
2325,1.2000000000000002,7,180,20,6,False
2326,1.2000000000000002,7,180,20,9,True
2327,1.2000000000000002,7,180,20,12,True
2328,1.2000000000000002,7,210,20,3,True
2329,1.2000000000000002,7,210,20,6,True
2330,1.2000000000000002,7,210,20,9,False
2331,1.2000000000000002,7,210,20,12,False
2332,1.2000000000000002,7,240,20,3,True
2333,1.2000000000000002,7,240,20,6,True
2334,1.2000000000000002,7,240,20,9,True
2335,1.2000000000000002,7,240,20,12,True
2336,1.2000000000000002,7,270,20,3,False
2337,1.2000000000000002,7,270,20,6,True
2338,1.2000000000000002,7,270,20,9,True
2339,1.2000000000000002,7,270,20,12,True
2340,1.2000000000000002,7,300,20,3,False
2341,1.2000000000000002,7,300,20,6,True
2342,1.2000000000000002,7,300,20,9,True
2343,1.2000000000000002,7,300,20,12,True
2344,1.2000000000000002,7,330,20,3,True
2345,1.2000000000000002,7,330,20,6,True
2346,1.2000000000000002,7,330,20,9,True
2347,1.2000000000000002,7,330,20,12,True
2348,1.2000000000000002,7,360,20,3,True
2349,1.2000000000000002,7,360,20,6,True
2350,1.2000000000000002,7,360,20,9,True
2351,1.2000000000000002,7,360,20,12,True
2352,1.2000000000000002,14,30,20,3,False
2353,1.2000000000000002,14,30,20,6,False
2354,1.2000000000000002,14,30,20,9,False
2355,1.2000000000000002,14,30,20,12,False
2356,1.2000000000000002,14,60,20,3,False
2357,1.2000000000000002,14,60,20,6,False
2358,1.2000000000000002,14,60,20,9,False
2359,1.2000000000000002,14,60,20,12,False
2360,1.2000000000000002,14,90,20,3,True
2361,1.2000000000000002,14,90,20,6,False
2362,1.2000000000000002,14,90,20,9,False
2363,1.2000000000000002,14,90,20,12,False
2364,1.2000000000000002,14,120,20,3,False
2365,1.2000000000000002,14,120,20,6,False
2366,1.2000000000000002,14,120,20,9,False
2367,1.2000000000000002,14,120,20,12,False
2368,1.2000000000000002,14,150,20,3,False
2369,1.2000000000000002,14,150,20,6,True
2370,1.2000000000000002,14,150,20,9,False
2371,1.2000000000000002,14,150,20,12,True
2372,1.2000000000000002,14,180,20,3,False
2373,1.2000000000000002,14,180,20,6,True
2374,1.2000000000000002,14,180,20,9,False
2375,1.2000000000000002,14,180,20,12,True
2376,1.2000000000000002,14,210,20,3,True
2377,1.2000000000000002,14,210,20,6,True
2378,1.2000000000000002,14,210,20,9,True
2379,1.2000000000000002,14,210,20,12,True
2380,1.2000000000000002,14,240,20,3,False
2381,1.2000000000000002,14,240,20,6,True
2382,1.2000000000000002,14,240,20,9,False
2383,1.2000000000000002,14,240,20,12,True
2384,1.2000000000000002,14,270,20,3,False
2385,1.2000000000000002,14,270,20,6,True
2386,1.2000000000000002,14,270,20,9,True
2387,1.2000000000000002,14,270,20,12,True
2388,1.2000000000000002,14,300,20,3,True
2389,1.2000000000000002,14,300,20,6,False
2390,1.2000000000000002,14,300,20,9,False
2391,1.2000000000000002,14,300,20,12,True
2392,1.2000000000000002,14,330,20,3,True
2393,1.2000000000000002,14,330,20,6,False
2394,1.2000000000000002,14,330,20,9,True
2395,1.2000000000000002,14,330,20,12,True
2396,1.2000000000000002,14,360,20,3,False
2397,1.2000000000000002,14,360,20,6,True
2398,1.2000000000000002,14,360,20,9,False
2399,1.2000000000000002,14,360,20,12,True
2400,1.2000000000000002,21,30,20,3,False
2401,1.2000000000000002,21,30,20,6,False
2402,1.2000000000000002,21,30,20,9,False
2403,1.2000000000000002,21,30,20,12,False
2404,1.2000000000000002,21,60,20,3,False
2405,1.2000000000000002,21,60,20,6,False
2406,1.2000000000000002,21,60,20,9,False
2407,1.2000000000000002,21,60,20,12,False
2408,1.2000000000000002,21,90,20,3,False
2409,1.2000000000000002,21,90,20,6,False
2410,1.2000000000000002,21,90,20,9,False
2411,1.2000000000000002,21,90,20,12,True
2412,1.2000000000000002,21,120,20,3,False
2413,1.2000000000000002,21,120,20,6,False
2414,1.2000000000000002,21,120,20,9,False
2415,1.2000000000000002,21,120,20,12,False
2416,1.2000000000000002,21,150,20,3,False
2417,1.2000000000000002,21,150,20,6,False
2418,1.2000000000000002,21,150,20,9,False
2419,1.2000000000000002,21,150,20,12,False
2420,1.2000000000000002,21,180,20,3,False
2421,1.2000000000000002,21,180,20,6,True
2422,1.2000000000000002,21,180,20,9,False
2423,1.2000000000000002,21,180,20,12,True
2424,1.2000000000000002,21,210,20,3,False
2425,1.2000000000000002,21,210,20,6,True
2426,1.2000000000000002,21,210,20,9,True
2427,1.2000000000000002,21,210,20,12,True
2428,1.2000000000000002,21,240,20,3,True
2429,1.2000000000000002,21,240,20,6,False
2430,1.2000000000000002,21,240,20,9,True
2431,1.2000000000000002,21,240,20,12,True
2432,1.2000000000000002,21,270,20,3,True
2433,1.2000000000000002,21,270,20,6,True
2434,1.2000000000000002,21,270,20,9,True
2435,1.2000000000000002,21,270,20,12,True
2436,1.2000000000000002,21,300,20,3,True
2437,1.2000000000000002,21,300,20,6,False
2438,1.2000000000000002,21,300,20,9,True
2439,1.2000000000000002,21,300,20,12,True
2440,1.2000000000000002,21,330,20,3,True
2441,1.2000000000000002,21,330,20,6,False
2442,1.2000000000000002,21,330,20,9,True
2443,1.2000000000000002,21,330,20,12,True
2444,1.2000000000000002,21,360,20,3,True
2445,1.2000000000000002,21,360,20,6,False
2446,1.2000000000000002,21,360,20,9,True
2447,1.2000000000000002,21,360,20,12,True
2448,1.2000000000000002,28,30,20,3,False
2449,1.2000000000000002,28,30,20,6,False
2450,1.2000000000000002,28,30,20,9,False
2451,1.2000000000000002,28,30,20,12,False
2452,1.2000000000000002,28,60,20,3,False
2453,1.2000000000000002,28,60,20,6,False
2454,1.2000000000000002,28,60,20,9,False
2455,1.2000000000000002,28,60,20,12,False
2456,1.2000000000000002,28,90,20,3,False
2457,1.2000000000000002,28,90,20,6,False
2458,1.2000000000000002,28,90,20,9,False
2459,1.2000000000000002,28,90,20,12,False
2460,1.2000000000000002,28,120,20,3,False
2461,1.2000000000000002,28,120,20,6,True
2462,1.2000000000000002,28,120,20,9,True
2463,1.2000000000000002,28,120,20,12,False
2464,1.2000000000000002,28,150,20,3,False
2465,1.2000000000000002,28,150,20,6,False
2466,1.2000000000000002,28,150,20,9,False
2467,1.2000000000000002,28,150,20,12,True
2468,1.2000000000000002,28,180,20,3,False
2469,1.2000000000000002,28,180,20,6,False
2470,1.2000000000000002,28,180,20,9,False
2471,1.2000000000000002,28,180,20,12,False
2472,1.2000000000000002,28,210,20,3,False
2473,1.2000000000000002,28,210,20,6,False
2474,1.2000000000000002,28,210,20,9,True
2475,1.2000000000000002,28,210,20,12,True
2476,1.2000000000000002,28,240,20,3,True
2477,1.2000000000000002,28,240,20,6,True
2478,1.2000000000000002,28,240,20,9,False
2479,1.2000000000000002,28,240,20,12,False
2480,1.2000000000000002,28,270,20,3,False
2481,1.2000000000000002,28,270,20,6,True
2482,1.2000000000000002,28,270,20,9,True
2483,1.2000000000000002,28,270,20,12,True
2484,1.2000000000000002,28,300,20,3,False
2485,1.2000000000000002,28,300,20,6,False
2486,1.2000000000000002,28,300,20,9,False
2487,1.2000000000000002,28,300,20,12,True
2488,1.2000000000000002,28,330,20,3,True
2489,1.2000000000000002,28,330,20,6,False
2490,1.2000000000000002,28,330,20,9,False
2491,1.2000000000000002,28,330,20,12,False
2492,1.2000000000000002,28,360,20,3,True
2493,1.2000000000000002,28,360,20,6,False
2494,1.2000000000000002,28,360,20,9,False
2495,1.2000000000000002,28,360,20,12,True
2496,1.3,7,30,20,3,False
2497,1.3,7,30,20,6,False
2498,1.3,7,30,20,9,False
2499,1.3,7,30,20,12,True
2500,1.3,7,60,20,3,False
2501,1.3,7,60,20,6,True
2502,1.3,7,60,20,9,False
2503,1.3,7,60,20,12,False
2504,1.3,7,90,20,3,False
2505,1.3,7,90,20,6,False
2506,1.3,7,90,20,9,True
2507,1.3,7,90,20,12,True
2508,1.3,7,120,20,3,True
2509,1.3,7,120,20,6,False
2510,1.3,7,120,20,9,True
2511,1.3,7,120,20,12,False
2512,1.3,7,150,20,3,False
2513,1.3,7,150,20,6,True
2514,1.3,7,150,20,9,True
2515,1.3,7,150,20,12,True
2516,1.3,7,180,20,3,True
2517,1.3,7,180,20,6,True
2518,1.3,7,180,20,9,True
2519,1.3,7,180,20,12,True
2520,1.3,7,210,20,3,True
2521,1.3,7,210,20,6,True
2522,1.3,7,210,20,9,False
2523,1.3,7,210,20,12,True
2524,1.3,7,240,20,3,True
2525,1.3,7,240,20,6,True
2526,1.3,7,240,20,9,True
2527,1.3,7,240,20,12,True
2528,1.3,7,270,20,3,True
2529,1.3,7,270,20,6,True
2530,1.3,7,270,20,9,True
2531,1.3,7,270,20,12,True
2532,1.3,7,300,20,3,False
2533,1.3,7,300,20,6,True
2534,1.3,7,300,20,9,True
2535,1.3,7,300,20,12,True
2536,1.3,7,330,20,3,True
2537,1.3,7,330,20,6,False
2538,1.3,7,330,20,9,True
2539,1.3,7,330,20,12,True
2540,1.3,7,360,20,3,False
2541,1.3,7,360,20,6,True
2542,1.3,7,360,20,9,False
2543,1.3,7,360,20,12,True
2544,1.3,14,30,20,3,False
2545,1.3,14,30,20,6,False
2546,1.3,14,30,20,9,False
2547,1.3,14,30,20,12,False
2548,1.3,14,60,20,3,False
2549,1.3,14,60,20,6,False
2550,1.3,14,60,20,9,True
2551,1.3,14,60,20,12,False
2552,1.3,14,90,20,3,False
2553,1.3,14,90,20,6,True
2554,1.3,14,90,20,9,True
2555,1.3,14,90,20,12,True
2556,1.3,14,120,20,3,False
2557,1.3,14,120,20,6,False
2558,1.3,14,120,20,9,True
2559,1.3,14,120,20,12,True
2560,1.3,14,150,20,3,True
2561,1.3,14,150,20,6,False
2562,1.3,14,150,20,9,True
2563,1.3,14,150,20,12,True
2564,1.3,14,180,20,3,False
2565,1.3,14,180,20,6,True
2566,1.3,14,180,20,9,False
2567,1.3,14,180,20,12,True
2568,1.3,14,210,20,3,False
2569,1.3,14,210,20,6,False
2570,1.3,14,210,20,9,False
2571,1.3,14,210,20,12,True
2572,1.3,14,240,20,3,True
2573,1.3,14,240,20,6,True
2574,1.3,14,240,20,9,True
2575,1.3,14,240,20,12,True
2576,1.3,14,270,20,3,True
2577,1.3,14,270,20,6,True
2578,1.3,14,270,20,9,False
2579,1.3,14,270,20,12,True
2580,1.3,14,300,20,3,False
2581,1.3,14,300,20,6,True
2582,1.3,14,300,20,9,False
2583,1.3,14,300,20,12,True
2584,1.3,14,330,20,3,False
2585,1.3,14,330,20,6,True
2586,1.3,14,330,20,9,True
2587,1.3,14,330,20,12,True
2588,1.3,14,360,20,3,True
2589,1.3,14,360,20,6,True
2590,1.3,14,360,20,9,True
2591,1.3,14,360,20,12,False
2592,1.3,21,30,20,3,False
2593,1.3,21,30,20,6,False
2594,1.3,21,30,20,9,False
2595,1.3,21,30,20,12,False
2596,1.3,21,60,20,3,False
2597,1.3,21,60,20,6,True
2598,1.3,21,60,20,9,False
2599,1.3,21,60,20,12,False
2600,1.3,21,90,20,3,False
2601,1.3,21,90,20,6,False
2602,1.3,21,90,20,9,False
2603,1.3,21,90,20,12,False
2604,1.3,21,120,20,3,False
2605,1.3,21,120,20,6,False
2606,1.3,21,120,20,9,False
2607,1.3,21,120,20,12,True
2608,1.3,21,150,20,3,False
2609,1.3,21,150,20,6,False
2610,1.3,21,150,20,9,True
2611,1.3,21,150,20,12,False
2612,1.3,21,180,20,3,False
2613,1.3,21,180,20,6,False
2614,1.3,21,180,20,9,False
2615,1.3,21,180,20,12,False
2616,1.3,21,210,20,3,False
2617,1.3,21,210,20,6,True
2618,1.3,21,210,20,9,True
2619,1.3,21,210,20,12,True
2620,1.3,21,240,20,3,False
2621,1.3,21,240,20,6,False
2622,1.3,21,240,20,9,True
2623,1.3,21,240,20,12,True
2624,1.3,21,270,20,3,False
2625,1.3,21,270,20,6,False
2626,1.3,21,270,20,9,False
2627,1.3,21,270,20,12,False
2628,1.3,21,300,20,3,False
2629,1.3,21,300,20,6,False
2630,1.3,21,300,20,9,False
2631,1.3,21,300,20,12,True
2632,1.3,21,330,20,3,False
2633,1.3,21,330,20,6,False
2634,1.3,21,330,20,9,False
2635,1.3,21,330,20,12,False
2636,1.3,21,360,20,3,False
2637,1.3,21,360,20,6,True
2638,1.3,21,360,20,9,False
2639,1.3,21,360,20,12,False
2640,1.3,28,30,20,3,False
2641,1.3,28,30,20,6,False
2642,1.3,28,30,20,9,False
2643,1.3,28,30,20,12,False
2644,1.3,28,60,20,3,False
2645,1.3,28,60,20,6,False
2646,1.3,28,60,20,9,False
2647,1.3,28,60,20,12,False
2648,1.3,28,90,20,3,False
2649,1.3,28,90,20,6,False
2650,1.3,28,90,20,9,False
2651,1.3,28,90,20,12,False
2652,1.3,28,120,20,3,False
2653,1.3,28,120,20,6,False
2654,1.3,28,120,20,9,False
2655,1.3,28,120,20,12,False
2656,1.3,28,150,20,3,False
2657,1.3,28,150,20,6,False
2658,1.3,28,150,20,9,False
2659,1.3,28,150,20,12,False
2660,1.3,28,180,20,3,False
2661,1.3,28,180,20,6,False
2662,1.3,28,180,20,9,True
2663,1.3,28,180,20,12,False
2664,1.3,28,210,20,3,True
2665,1.3,28,210,20,6,False
2666,1.3,28,210,20,9,True
2667,1.3,28,210,20,12,False
2668,1.3,28,240,20,3,True
2669,1.3,28,240,20,6,False
2670,1.3,28,240,20,9,False
2671,1.3,28,240,20,12,True
2672,1.3,28,270,20,3,False
2673,1.3,28,270,20,6,False
2674,1.3,28,270,20,9,True
2675,1.3,28,270,20,12,True
2676,1.3,28,300,20,3,False
2677,1.3,28,300,20,6,False
2678,1.3,28,300,20,9,False
2679,1.3,28,300,20,12,True
2680,1.3,28,330,20,3,False
2681,1.3,28,330,20,6,False
2682,1.3,28,330,20,9,True
2683,1.3,28,330,20,12,True
2684,1.3,28,360,20,3,True
2685,1.3,28,360,20,6,False
2686,1.3,28,360,20,9,True
2687,1.3,28,360,20,12,True
2688,1.4000000000000001,7,30,20,3,False
2689,1.4000000000000001,7,30,20,6,False
2690,1.4000000000000001,7,30,20,9,False
2691,1.4000000000000001,7,30,20,12,False
2692,1.4000000000000001,7,60,20,3,False
2693,1.4000000000000001,7,60,20,6,True
2694,1.4000000000000001,7,60,20,9,False
2695,1.4000000000000001,7,60,20,12,False
2696,1.4000000000000001,7,90,20,3,True
2697,1.4000000000000001,7,90,20,6,False
2698,1.4000000000000001,7,90,20,9,True
2699,1.4000000000000001,7,90,20,12,True
2700,1.4000000000000001,7,120,20,3,False
2701,1.4000000000000001,7,120,20,6,False
2702,1.4000000000000001,7,120,20,9,True
2703,1.4000000000000001,7,120,20,12,True
2704,1.4000000000000001,7,150,20,3,False
2705,1.4000000000000001,7,150,20,6,False
2706,1.4000000000000001,7,150,20,9,False
2707,1.4000000000000001,7,150,20,12,True
2708,1.4000000000000001,7,180,20,3,True
2709,1.4000000000000001,7,180,20,6,True
2710,1.4000000000000001,7,180,20,9,False
2711,1.4000000000000001,7,180,20,12,True
2712,1.4000000000000001,7,210,20,3,False
2713,1.4000000000000001,7,210,20,6,True
2714,1.4000000000000001,7,210,20,9,False
2715,1.4000000000000001,7,210,20,12,True
2716,1.4000000000000001,7,240,20,3,False
2717,1.4000000000000001,7,240,20,6,True
2718,1.4000000000000001,7,240,20,9,True
2719,1.4000000000000001,7,240,20,12,False
2720,1.4000000000000001,7,270,20,3,False
2721,1.4000000000000001,7,270,20,6,True
2722,1.4000000000000001,7,270,20,9,True
2723,1.4000000000000001,7,270,20,12,True
2724,1.4000000000000001,7,300,20,3,False
2725,1.4000000000000001,7,300,20,6,True
2726,1.4000000000000001,7,300,20,9,True
2727,1.4000000000000001,7,300,20,12,True
2728,1.4000000000000001,7,330,20,3,False
2729,1.4000000000000001,7,330,20,6,False
2730,1.4000000000000001,7,330,20,9,False
2731,1.4000000000000001,7,330,20,12,True
2732,1.4000000000000001,7,360,20,3,True
2733,1.4000000000000001,7,360,20,6,False
2734,1.4000000000000001,7,360,20,9,False
2735,1.4000000000000001,7,360,20,12,False
2736,1.4000000000000001,14,30,20,3,False
2737,1.4000000000000001,14,30,20,6,False
2738,1.4000000000000001,14,30,20,9,False
2739,1.4000000000000001,14,30,20,12,False
2740,1.4000000000000001,14,60,20,3,True
2741,1.4000000000000001,14,60,20,6,True
2742,1.4000000000000001,14,60,20,9,False
2743,1.4000000000000001,14,60,20,12,False
2744,1.4000000000000001,14,90,20,3,False
2745,1.4000000000000001,14,90,20,6,False
2746,1.4000000000000001,14,90,20,9,False
2747,1.4000000000000001,14,90,20,12,True
2748,1.4000000000000001,14,120,20,3,False
2749,1.4000000000000001,14,120,20,6,True
2750,1.4000000000000001,14,120,20,9,False
2751,1.4000000000000001,14,120,20,12,True
2752,1.4000000000000001,14,150,20,3,False
2753,1.4000000000000001,14,150,20,6,True
2754,1.4000000000000001,14,150,20,9,False
2755,1.4000000000000001,14,150,20,12,False
2756,1.4000000000000001,14,180,20,3,False
2757,1.4000000000000001,14,180,20,6,False
2758,1.4000000000000001,14,180,20,9,False
2759,1.4000000000000001,14,180,20,12,True
2760,1.4000000000000001,14,210,20,3,False
2761,1.4000000000000001,14,210,20,6,True
2762,1.4000000000000001,14,210,20,9,True
2763,1.4000000000000001,14,210,20,12,True
2764,1.4000000000000001,14,240,20,3,True
2765,1.4000000000000001,14,240,20,6,False
2766,1.4000000000000001,14,240,20,9,False
2767,1.4000000000000001,14,240,20,12,False
2768,1.4000000000000001,14,270,20,3,False
2769,1.4000000000000001,14,270,20,6,True
2770,1.4000000000000001,14,270,20,9,False
2771,1.4000000000000001,14,270,20,12,True
2772,1.4000000000000001,14,300,20,3,False
2773,1.4000000000000001,14,300,20,6,True
2774,1.4000000000000001,14,300,20,9,False
2775,1.4000000000000001,14,300,20,12,True
2776,1.4000000000000001,14,330,20,3,False
2777,1.4000000000000001,14,330,20,6,True
2778,1.4000000000000001,14,330,20,9,True
2779,1.4000000000000001,14,330,20,12,True
2780,1.4000000000000001,14,360,20,3,False
2781,1.4000000000000001,14,360,20,6,True
2782,1.4000000000000001,14,360,20,9,False
2783,1.4000000000000001,14,360,20,12,True
2784,1.4000000000000001,21,30,20,3,False
2785,1.4000000000000001,21,30,20,6,False
2786,1.4000000000000001,21,30,20,9,False
2787,1.4000000000000001,21,30,20,12,False
2788,1.4000000000000001,21,60,20,3,False
2789,1.4000000000000001,21,60,20,6,False
2790,1.4000000000000001,21,60,20,9,False
2791,1.4000000000000001,21,60,20,12,False
2792,1.4000000000000001,21,90,20,3,False
2793,1.4000000000000001,21,90,20,6,False
2794,1.4000000000000001,21,90,20,9,False
2795,1.4000000000000001,21,90,20,12,False
2796,1.4000000000000001,21,120,20,3,False
2797,1.4000000000000001,21,120,20,6,False
2798,1.4000000000000001,21,120,20,9,False
2799,1.4000000000000001,21,120,20,12,False
2800,1.4000000000000001,21,150,20,3,False
2801,1.4000000000000001,21,150,20,6,True
2802,1.4000000000000001,21,150,20,9,False
2803,1.4000000000000001,21,150,20,12,False
2804,1.4000000000000001,21,180,20,3,False
2805,1.4000000000000001,21,180,20,6,False
2806,1.4000000000000001,21,180,20,9,True
2807,1.4000000000000001,21,180,20,12,False
2808,1.4000000000000001,21,210,20,3,False
2809,1.4000000000000001,21,210,20,6,False
2810,1.4000000000000001,21,210,20,9,True
2811,1.4000000000000001,21,210,20,12,True
2812,1.4000000000000001,21,240,20,3,False
2813,1.4000000000000001,21,240,20,6,False
2814,1.4000000000000001,21,240,20,9,False
2815,1.4000000000000001,21,240,20,12,True
2816,1.4000000000000001,21,270,20,3,False
2817,1.4000000000000001,21,270,20,6,True
2818,1.4000000000000001,21,270,20,9,False
2819,1.4000000000000001,21,270,20,12,False
2820,1.4000000000000001,21,300,20,3,False
2821,1.4000000000000001,21,300,20,6,False
2822,1.4000000000000001,21,300,20,9,True
2823,1.4000000000000001,21,300,20,12,True
2824,1.4000000000000001,21,330,20,3,True
2825,1.4000000000000001,21,330,20,6,True
2826,1.4000000000000001,21,330,20,9,True
2827,1.4000000000000001,21,330,20,12,False
2828,1.4000000000000001,21,360,20,3,False
2829,1.4000000000000001,21,360,20,6,True
2830,1.4000000000000001,21,360,20,9,True
2831,1.4000000000000001,21,360,20,12,True
2832,1.4000000000000001,28,30,20,3,False
2833,1.4000000000000001,28,30,20,6,False
2834,1.4000000000000001,28,30,20,9,False
2835,1.4000000000000001,28,30,20,12,False
2836,1.4000000000000001,28,60,20,3,False
2837,1.4000000000000001,28,60,20,6,False
2838,1.4000000000000001,28,60,20,9,False
2839,1.4000000000000001,28,60,20,12,False
2840,1.4000000000000001,28,90,20,3,False
2841,1.4000000000000001,28,90,20,6,False
2842,1.4000000000000001,28,90,20,9,False
2843,1.4000000000000001,28,90,20,12,False
2844,1.4000000000000001,28,120,20,3,False
2845,1.4000000000000001,28,120,20,6,False
2846,1.4000000000000001,28,120,20,9,False
2847,1.4000000000000001,28,120,20,12,False
2848,1.4000000000000001,28,150,20,3,False
2849,1.4000000000000001,28,150,20,6,False
2850,1.4000000000000001,28,150,20,9,False
2851,1.4000000000000001,28,150,20,12,False
2852,1.4000000000000001,28,180,20,3,False
2853,1.4000000000000001,28,180,20,6,False
2854,1.4000000000000001,28,180,20,9,False
2855,1.4000000000000001,28,180,20,12,False
2856,1.4000000000000001,28,210,20,3,False
2857,1.4000000000000001,28,210,20,6,False
2858,1.4000000000000001,28,210,20,9,False
2859,1.4000000000000001,28,210,20,12,True
2860,1.4000000000000001,28,240,20,3,False
2861,1.4000000000000001,28,240,20,6,True
2862,1.4000000000000001,28,240,20,9,True
2863,1.4000000000000001,28,240,20,12,True
2864,1.4000000000000001,28,270,20,3,False
2865,1.4000000000000001,28,270,20,6,False
2866,1.4000000000000001,28,270,20,9,True
2867,1.4000000000000001,28,270,20,12,True
2868,1.4000000000000001,28,300,20,3,False
2869,1.4000000000000001,28,300,20,6,False
2870,1.4000000000000001,28,300,20,9,True
2871,1.4000000000000001,28,300,20,12,True
2872,1.4000000000000001,28,330,20,3,False
2873,1.4000000000000001,28,330,20,6,False
2874,1.4000000000000001,28,330,20,9,True
2875,1.4000000000000001,28,330,20,12,True
2876,1.4000000000000001,28,360,20,3,False
2877,1.4000000000000001,28,360,20,6,False
2878,1.4000000000000001,28,360,20,9,True
2879,1.4000000000000001,28,360,20,12,False
2880,1.5,7,30,20,3,False
2881,1.5,7,30,20,6,False
2882,1.5,7,30,20,9,False
2883,1.5,7,30,20,12,False
2884,1.5,7,60,20,3,False
2885,1.5,7,60,20,6,False
2886,1.5,7,60,20,9,True
2887,1.5,7,60,20,12,False
2888,1.5,7,90,20,3,False
2889,1.5,7,90,20,6,True
2890,1.5,7,90,20,9,False
2891,1.5,7,90,20,12,True
2892,1.5,7,120,20,3,False
2893,1.5,7,120,20,6,False
2894,1.5,7,120,20,9,True
2895,1.5,7,120,20,12,True
2896,1.5,7,150,20,3,False
2897,1.5,7,150,20,6,True
2898,1.5,7,150,20,9,False
2899,1.5,7,150,20,12,True
2900,1.5,7,180,20,3,True
2901,1.5,7,180,20,6,False
2902,1.5,7,180,20,9,False
2903,1.5,7,180,20,12,True
2904,1.5,7,210,20,3,False
2905,1.5,7,210,20,6,True
2906,1.5,7,210,20,9,True
2907,1.5,7,210,20,12,True
2908,1.5,7,240,20,3,False
2909,1.5,7,240,20,6,True
2910,1.5,7,240,20,9,True
2911,1.5,7,240,20,12,True
2912,1.5,7,270,20,3,True
2913,1.5,7,270,20,6,False
2914,1.5,7,270,20,9,True
2915,1.5,7,270,20,12,False
2916,1.5,7,300,20,3,False
2917,1.5,7,300,20,6,True
2918,1.5,7,300,20,9,False
2919,1.5,7,300,20,12,True
2920,1.5,7,330,20,3,False
2921,1.5,7,330,20,6,False
2922,1.5,7,330,20,9,True
2923,1.5,7,330,20,12,True
2924,1.5,7,360,20,3,False
2925,1.5,7,360,20,6,True
2926,1.5,7,360,20,9,True
2927,1.5,7,360,20,12,True
2928,1.5,14,30,20,3,False
2929,1.5,14,30,20,6,True
2930,1.5,14,30,20,9,False
2931,1.5,14,30,20,12,False
2932,1.5,14,60,20,3,False
2933,1.5,14,60,20,6,False
2934,1.5,14,60,20,9,False
2935,1.5,14,60,20,12,False
2936,1.5,14,90,20,3,False
2937,1.5,14,90,20,6,False
2938,1.5,14,90,20,9,False
2939,1.5,14,90,20,12,True
2940,1.5,14,120,20,3,False
2941,1.5,14,120,20,6,True
2942,1.5,14,120,20,9,False
2943,1.5,14,120,20,12,False
2944,1.5,14,150,20,3,False
2945,1.5,14,150,20,6,False
2946,1.5,14,150,20,9,False
2947,1.5,14,150,20,12,True
2948,1.5,14,180,20,3,False
2949,1.5,14,180,20,6,False
2950,1.5,14,180,20,9,False
2951,1.5,14,180,20,12,False
2952,1.5,14,210,20,3,True
2953,1.5,14,210,20,6,True
2954,1.5,14,210,20,9,True
2955,1.5,14,210,20,12,True
2956,1.5,14,240,20,3,False
2957,1.5,14,240,20,6,True
2958,1.5,14,240,20,9,False
2959,1.5,14,240,20,12,True
2960,1.5,14,270,20,3,False
2961,1.5,14,270,20,6,False
2962,1.5,14,270,20,9,True
2963,1.5,14,270,20,12,True
2964,1.5,14,300,20,3,False
2965,1.5,14,300,20,6,True
2966,1.5,14,300,20,9,True
2967,1.5,14,300,20,12,True
2968,1.5,14,330,20,3,True
2969,1.5,14,330,20,6,False
2970,1.5,14,330,20,9,True
2971,1.5,14,330,20,12,True
2972,1.5,14,360,20,3,False
2973,1.5,14,360,20,6,False
2974,1.5,14,360,20,9,True
2975,1.5,14,360,20,12,False
2976,1.5,21,30,20,3,False
2977,1.5,21,30,20,6,False
2978,1.5,21,30,20,9,False
2979,1.5,21,30,20,12,False
2980,1.5,21,60,20,3,False
2981,1.5,21,60,20,6,False
2982,1.5,21,60,20,9,True
2983,1.5,21,60,20,12,False
2984,1.5,21,90,20,3,False
2985,1.5,21,90,20,6,False
2986,1.5,21,90,20,9,False
2987,1.5,21,90,20,12,True
2988,1.5,21,120,20,3,True
2989,1.5,21,120,20,6,False
2990,1.5,21,120,20,9,False
2991,1.5,21,120,20,12,True
2992,1.5,21,150,20,3,False
2993,1.5,21,150,20,6,False
2994,1.5,21,150,20,9,False
2995,1.5,21,150,20,12,False
2996,1.5,21,180,20,3,False
2997,1.5,21,180,20,6,True
2998,1.5,21,180,20,9,True
2999,1.5,21,180,20,12,True
3000,1.5,21,210,20,3,False
3001,1.5,21,210,20,6,True
3002,1.5,21,210,20,9,True
3003,1.5,21,210,20,12,True
3004,1.5,21,240,20,3,False
3005,1.5,21,240,20,6,True
3006,1.5,21,240,20,9,False
3007,1.5,21,240,20,12,True
3008,1.5,21,270,20,3,False
3009,1.5,21,270,20,6,True
3010,1.5,21,270,20,9,False
3011,1.5,21,270,20,12,False
3012,1.5,21,300,20,3,False
3013,1.5,21,300,20,6,True
3014,1.5,21,300,20,9,False
3015,1.5,21,300,20,12,True
3016,1.5,21,330,20,3,False
3017,1.5,21,330,20,6,False
3018,1.5,21,330,20,9,True
3019,1.5,21,330,20,12,False
3020,1.5,21,360,20,3,False
3021,1.5,21,360,20,6,False
3022,1.5,21,360,20,9,False
3023,1.5,21,360,20,12,True
3024,1.5,28,30,20,3,False
3025,1.5,28,30,20,6,False
3026,1.5,28,30,20,9,False
3027,1.5,28,30,20,12,False
3028,1.5,28,60,20,3,False
3029,1.5,28,60,20,6,False
3030,1.5,28,60,20,9,False
3031,1.5,28,60,20,12,False
3032,1.5,28,90,20,3,False
3033,1.5,28,90,20,6,False
3034,1.5,28,90,20,9,True
3035,1.5,28,90,20,12,False
3036,1.5,28,120,20,3,False
3037,1.5,28,120,20,6,False
3038,1.5,28,120,20,9,False
3039,1.5,28,120,20,12,False
3040,1.5,28,150,20,3,False
3041,1.5,28,150,20,6,False
3042,1.5,28,150,20,9,False
3043,1.5,28,150,20,12,False
3044,1.5,28,180,20,3,False
3045,1.5,28,180,20,6,False
3046,1.5,28,180,20,9,False
3047,1.5,28,180,20,12,True
3048,1.5,28,210,20,3,False
3049,1.5,28,210,20,6,False
3050,1.5,28,210,20,9,False
3051,1.5,28,210,20,12,True
3052,1.5,28,240,20,3,True
3053,1.5,28,240,20,6,False
3054,1.5,28,240,20,9,False
3055,1.5,28,240,20,12,True
3056,1.5,28,270,20,3,True
3057,1.5,28,270,20,6,False
3058,1.5,28,270,20,9,True
3059,1.5,28,270,20,12,True
3060,1.5,28,300,20,3,False
3061,1.5,28,300,20,6,False
3062,1.5,28,300,20,9,True
3063,1.5,28,300,20,12,False
3064,1.5,28,330,20,3,False
3065,1.5,28,330,20,6,False
3066,1.5,28,330,20,9,False
3067,1.5,28,330,20,12,True
3068,1.5,28,360,20,3,True
3069,1.5,28,360,20,6,False
3070,1.5,28,360,20,9,False
3071,1.5,28,360,20,12,True
