ruido,frec_obs,periodo,n_seg,n_meses,ok
0.0,7,30,20,3,0.9
0.0,7,30,20,6,0.8
0.0,7,30,20,9,1.0
0.0,7,30,20,12,0.9
0.0,7,60,20,3,1.0
0.0,7,60,20,6,1.0
0.0,7,60,20,9,1.0
0.0,7,60,20,12,1.0
0.0,7,90,20,3,0.4
0.0,7,90,20,6,1.0
0.0,7,90,20,9,0.8
0.0,7,90,20,12,1.0
0.0,7,120,20,3,0.9
0.0,7,120,20,6,1.0
0.0,7,120,20,9,0.7
0.0,7,120,20,12,1.0
0.0,7,150,20,3,0.9
0.0,7,150,20,6,0.8
0.0,7,150,20,9,1.0
0.0,7,150,20,12,1.0
0.0,7,180,20,3,0.9
0.0,7,180,20,6,1.0
0.0,7,180,20,9,1.0
0.0,7,180,20,12,1.0
0.0,7,210,20,3,1.0
0.0,7,210,20,6,1.0
0.0,7,210,20,9,1.0
0.0,7,210,20,12,1.0
0.0,7,240,20,3,1.0
0.0,7,240,20,6,1.0
0.0,7,240,20,9,1.0
0.0,7,240,20,12,1.0
0.0,7,270,20,3,1.0
0.0,7,270,20,6,1.0
0.0,7,270,20,9,1.0
0.0,7,270,20,12,1.0
0.0,7,300,20,3,1.0
0.0,7,300,20,6,1.0
0.0,7,300,20,9,1.0
0.0,7,300,20,12,1.0
0.0,7,330,20,3,1.0
0.0,7,330,20,6,1.0
0.0,7,330,20,9,1.0
0.0,7,330,20,12,1.0
0.0,7,360,20,3,1.0
0.0,7,360,20,6,1.0
0.0,7,360,20,9,0.9
0.0,7,360,20,12,1.0
0.0,14,30,20,3,1.0
0.0,14,30,20,6,1.0
0.0,14,30,20,9,1.0
0.0,14,30,20,12,1.0
0.0,14,60,20,3,1.0
0.0,14,60,20,6,1.0
0.0,14,60,20,9,1.0
0.0,14,60,20,12,1.0
0.0,14,90,20,3,0.2
0.0,14,90,20,6,1.0
0.0,14,90,20,9,0.9
0.0,14,90,20,12,0.9
0.0,14,120,20,3,0.9
0.0,14,120,20,6,1.0
0.0,14,120,20,9,0.8
0.0,14,120,20,12,1.0
0.0,14,150,20,3,0.6
0.0,14,150,20,6,0.7
0.0,14,150,20,9,1.0
0.0,14,150,20,12,1.0
0.0,14,180,20,3,0.8
0.0,14,180,20,6,0.8
0.0,14,180,20,9,1.0
0.0,14,180,20,12,1.0
0.0,14,210,20,3,1.0
0.0,14,210,20,6,1.0
0.0,14,210,20,9,1.0
0.0,14,210,20,12,1.0
0.0,14,240,20,3,1.0
0.0,14,240,20,6,1.0
0.0,14,240,20,9,1.0
0.0,14,240,20,12,1.0
0.0,14,270,20,3,1.0
0.0,14,270,20,6,1.0
0.0,14,270,20,9,1.0
0.0,14,270,20,12,1.0
0.0,14,300,20,3,1.0
0.0,14,300,20,6,1.0
0.0,14,300,20,9,1.0
0.0,14,300,20,12,1.0
0.0,14,330,20,3,1.0
0.0,14,330,20,6,1.0
0.0,14,330,20,9,1.0
0.0,14,330,20,12,1.0
0.0,14,360,20,3,1.0
0.0,14,360,20,6,1.0
0.0,14,360,20,9,1.0
0.0,14,360,20,12,1.0
0.0,21,30,20,3,1.0
0.0,21,30,20,6,1.0
0.0,21,30,20,9,1.0
0.0,21,30,20,12,1.0
0.0,21,60,20,3,1.0
0.0,21,60,20,6,0.8
0.0,21,60,20,9,1.0
0.0,21,60,20,12,1.0
0.0,21,90,20,3,0.5
0.0,21,90,20,6,0.9
0.0,21,90,20,9,0.7
0.0,21,90,20,12,0.9
0.0,21,120,20,3,0.6
0.0,21,120,20,6,1.0
0.0,21,120,20,9,1.0
0.0,21,120,20,12,0.9
0.0,21,150,20,3,0.8
0.0,21,150,20,6,1.0
0.0,21,150,20,9,1.0
0.0,21,150,20,12,1.0
0.0,21,180,20,3,1.0
0.0,21,180,20,6,0.9
0.0,21,180,20,9,1.0
0.0,21,180,20,12,1.0
0.0,21,210,20,3,1.0
0.0,21,210,20,6,1.0
0.0,21,210,20,9,1.0
0.0,21,210,20,12,1.0
0.0,21,240,20,3,1.0
0.0,21,240,20,6,1.0
0.0,21,240,20,9,1.0
0.0,21,240,20,12,1.0
0.0,21,270,20,3,1.0
0.0,21,270,20,6,1.0
0.0,21,270,20,9,1.0
0.0,21,270,20,12,1.0
0.0,21,300,20,3,1.0
0.0,21,300,20,6,1.0
0.0,21,300,20,9,1.0
0.0,21,300,20,12,1.0
0.0,21,330,20,3,1.0
0.0,21,330,20,6,1.0
0.0,21,330,20,9,1.0
0.0,21,330,20,12,1.0
0.0,21,360,20,3,1.0
0.0,21,360,20,6,1.0
0.0,21,360,20,9,1.0
0.0,21,360,20,12,1.0
0.0,28,30,20,3,0.9
0.0,28,30,20,6,1.0
0.0,28,30,20,9,1.0
0.0,28,30,20,12,1.0
0.0,28,60,20,3,1.0
0.0,28,60,20,6,0.7
0.0,28,60,20,9,1.0
0.0,28,60,20,12,1.0
0.0,28,90,20,3,0.4
0.0,28,90,20,6,0.8
0.0,28,90,20,9,1.0
0.0,28,90,20,12,1.0
0.0,28,120,20,3,0.5
0.0,28,120,20,6,1.0
0.0,28,120,20,9,1.0
0.0,28,120,20,12,1.0
0.0,28,150,20,3,0.9
0.0,28,150,20,6,0.8
0.0,28,150,20,9,1.0
0.0,28,150,20,12,1.0
0.0,28,180,20,3,0.8
0.0,28,180,20,6,1.0
0.0,28,180,20,9,1.0
0.0,28,180,20,12,0.9
0.0,28,210,20,3,1.0
0.0,28,210,20,6,1.0
0.0,28,210,20,9,1.0
0.0,28,210,20,12,0.8
0.0,28,240,20,3,1.0
0.0,28,240,20,6,1.0
0.0,28,240,20,9,1.0
0.0,28,240,20,12,1.0
0.0,28,270,20,3,1.0
0.0,28,270,20,6,1.0
0.0,28,270,20,9,1.0
0.0,28,270,20,12,1.0
0.0,28,300,20,3,1.0
0.0,28,300,20,6,1.0
0.0,28,300,20,9,1.0
0.0,28,300,20,12,1.0
0.0,28,330,20,3,1.0
0.0,28,330,20,6,1.0
0.0,28,330,20,9,1.0
0.0,28,330,20,12,1.0
0.0,28,360,20,3,1.0
0.0,28,360,20,6,1.0
0.0,28,360,20,9,1.0
0.0,28,360,20,12,1.0
0.1,7,30,20,3,1.0
0.1,7,30,20,6,0.8
0.1,7,30,20,9,0.9
0.1,7,30,20,12,1.0
0.1,7,60,20,3,0.9
0.1,7,60,20,6,1.0
0.1,7,60,20,9,1.0
0.1,7,60,20,12,1.0
0.1,7,90,20,3,0.6
0.1,7,90,20,6,0.9
0.1,7,90,20,9,1.0
0.1,7,90,20,12,1.0
0.1,7,120,20,3,0.9
0.1,7,120,20,6,1.0
0.1,7,120,20,9,1.0
0.1,7,120,20,12,1.0
0.1,7,150,20,3,0.9
0.1,7,150,20,6,1.0
0.1,7,150,20,9,0.9
0.1,7,150,20,12,1.0
0.1,7,180,20,3,1.0
0.1,7,180,20,6,1.0
0.1,7,180,20,9,1.0
0.1,7,180,20,12,1.0
0.1,7,210,20,3,0.8
0.1,7,210,20,6,1.0
0.1,7,210,20,9,1.0
0.1,7,210,20,12,0.9
0.1,7,240,20,3,1.0
0.1,7,240,20,6,1.0
0.1,7,240,20,9,1.0
0.1,7,240,20,12,1.0
0.1,7,270,20,3,1.0
0.1,7,270,20,6,1.0
0.1,7,270,20,9,0.9
0.1,7,270,20,12,1.0
0.1,7,300,20,3,1.0
0.1,7,300,20,6,1.0
0.1,7,300,20,9,1.0
0.1,7,300,20,12,1.0
0.1,7,330,20,3,1.0
0.1,7,330,20,6,1.0
0.1,7,330,20,9,1.0
0.1,7,330,20,12,1.0
0.1,7,360,20,3,1.0
0.1,7,360,20,6,1.0
0.1,7,360,20,9,0.9
0.1,7,360,20,12,1.0
0.1,14,30,20,3,1.0
0.1,14,30,20,6,1.0
0.1,14,30,20,9,1.0
0.1,14,30,20,12,1.0
0.1,14,60,20,3,1.0
0.1,14,60,20,6,1.0
0.1,14,60,20,9,0.8
0.1,14,60,20,12,0.9
0.1,14,90,20,3,0.7
0.1,14,90,20,6,1.0
0.1,14,90,20,9,0.9
0.1,14,90,20,12,1.0
0.1,14,120,20,3,0.8
0.1,14,120,20,6,0.9
0.1,14,120,20,9,1.0
0.1,14,120,20,12,1.0
0.1,14,150,20,3,0.7
0.1,14,150,20,6,1.0
0.1,14,150,20,9,1.0
0.1,14,150,20,12,1.0
0.1,14,180,20,3,1.0
0.1,14,180,20,6,0.9
0.1,14,180,20,9,0.9
0.1,14,180,20,12,1.0
0.1,14,210,20,3,1.0
0.1,14,210,20,6,0.9
0.1,14,210,20,9,0.9
0.1,14,210,20,12,1.0
0.1,14,240,20,3,1.0
0.1,14,240,20,6,1.0
0.1,14,240,20,9,1.0
0.1,14,240,20,12,1.0
0.1,14,270,20,3,1.0
0.1,14,270,20,6,0.9
0.1,14,270,20,9,1.0
0.1,14,270,20,12,1.0
0.1,14,300,20,3,1.0
0.1,14,300,20,6,1.0
0.1,14,300,20,9,1.0
0.1,14,300,20,12,1.0
0.1,14,330,20,3,0.9
0.1,14,330,20,6,1.0
0.1,14,330,20,9,1.0
0.1,14,330,20,12,1.0
0.1,14,360,20,3,1.0
0.1,14,360,20,6,1.0
0.1,14,360,20,9,0.9
0.1,14,360,20,12,0.9
0.1,21,30,20,3,0.9
0.1,21,30,20,6,0.9
0.1,21,30,20,9,0.9
0.1,21,30,20,12,1.0
0.1,21,60,20,3,1.0
0.1,21,60,20,6,0.6
0.1,21,60,20,9,1.0
0.1,21,60,20,12,1.0
0.1,21,90,20,3,0.7
0.1,21,90,20,6,0.6
0.1,21,90,20,9,0.8
0.1,21,90,20,12,0.9
0.1,21,120,20,3,0.7
0.1,21,120,20,6,0.8
0.1,21,120,20,9,1.0
0.1,21,120,20,12,1.0
0.1,21,150,20,3,0.9
0.1,21,150,20,6,0.7
0.1,21,150,20,9,1.0
0.1,21,150,20,12,1.0
0.1,21,180,20,3,0.7
0.1,21,180,20,6,0.9
0.1,21,180,20,9,1.0
0.1,21,180,20,12,1.0
0.1,21,210,20,3,1.0
0.1,21,210,20,6,1.0
0.1,21,210,20,9,1.0
0.1,21,210,20,12,1.0
0.1,21,240,20,3,1.0
0.1,21,240,20,6,1.0
0.1,21,240,20,9,1.0
0.1,21,240,20,12,1.0
0.1,21,270,20,3,1.0
0.1,21,270,20,6,1.0
0.1,21,270,20,9,1.0
0.1,21,270,20,12,1.0
0.1,21,300,20,3,0.9
0.1,21,300,20,6,1.0
0.1,21,300,20,9,1.0
0.1,21,300,20,12,1.0
0.1,21,330,20,3,0.9
0.1,21,330,20,6,1.0
0.1,21,330,20,9,1.0
0.1,21,330,20,12,1.0
0.1,21,360,20,3,1.0
0.1,21,360,20,6,1.0
0.1,21,360,20,9,1.0
0.1,21,360,20,12,1.0
0.1,28,30,20,3,1.0
0.1,28,30,20,6,0.7
0.1,28,30,20,9,0.8
0.1,28,30,20,12,1.0
0.1,28,60,20,3,1.0
0.1,28,60,20,6,0.9
0.1,28,60,20,9,1.0
0.1,28,60,20,12,1.0
0.1,28,90,20,3,0.5
0.1,28,90,20,6,1.0
0.1,28,90,20,9,1.0
0.1,28,90,20,12,1.0
0.1,28,120,20,3,0.3
0.1,28,120,20,6,0.9
0.1,28,120,20,9,0.9
0.1,28,120,20,12,0.9
0.1,28,150,20,3,0.6
0.1,28,150,20,6,0.8
0.1,28,150,20,9,1.0
0.1,28,150,20,12,0.9
0.1,28,180,20,3,1.0
0.1,28,180,20,6,1.0
0.1,28,180,20,9,1.0
0.1,28,180,20,12,1.0
0.1,28,210,20,3,0.9
0.1,28,210,20,6,0.9
0.1,28,210,20,9,1.0
0.1,28,210,20,12,1.0
0.1,28,240,20,3,1.0
0.1,28,240,20,6,1.0
0.1,28,240,20,9,0.9
0.1,28,240,20,12,1.0
0.1,28,270,20,3,1.0
0.1,28,270,20,6,0.9
0.1,28,270,20,9,0.9
0.1,28,270,20,12,1.0
0.1,28,300,20,3,0.9
0.1,28,300,20,6,1.0
0.1,28,300,20,9,1.0
0.1,28,300,20,12,1.0
0.1,28,330,20,3,1.0
0.1,28,330,20,6,0.9
0.1,28,330,20,9,0.9
0.1,28,330,20,12,1.0
0.1,28,360,20,3,1.0
0.1,28,360,20,6,1.0
0.1,28,360,20,9,1.0
0.1,28,360,20,12,1.0
0.2,7,30,20,3,0.7
0.2,7,30,20,6,0.7
0.2,7,30,20,9,1.0
0.2,7,30,20,12,0.8
0.2,7,60,20,3,0.7
0.2,7,60,20,6,1.0
0.2,7,60,20,9,1.0
0.2,7,60,20,12,0.9
0.2,7,90,20,3,0.7
0.2,7,90,20,6,0.9
0.2,7,90,20,9,0.9
0.2,7,90,20,12,1.0
0.2,7,120,20,3,0.8
0.2,7,120,20,6,1.0
0.2,7,120,20,9,1.0
0.2,7,120,20,12,1.0
0.2,7,150,20,3,0.8
0.2,7,150,20,6,1.0
0.2,7,150,20,9,1.0
0.2,7,150,20,12,1.0
0.2,7,180,20,3,1.0
0.2,7,180,20,6,1.0
0.2,7,180,20,9,1.0
0.2,7,180,20,12,1.0
0.2,7,210,20,3,1.0
0.2,7,210,20,6,1.0
0.2,7,210,20,9,1.0
0.2,7,210,20,12,1.0
0.2,7,240,20,3,1.0
0.2,7,240,20,6,1.0
0.2,7,240,20,9,1.0
0.2,7,240,20,12,0.9
0.2,7,270,20,3,0.8
0.2,7,270,20,6,1.0
0.2,7,270,20,9,1.0
0.2,7,270,20,12,1.0
0.2,7,300,20,3,1.0
0.2,7,300,20,6,1.0
0.2,7,300,20,9,1.0
0.2,7,300,20,12,1.0
0.2,7,330,20,3,0.9
0.2,7,330,20,6,1.0
0.2,7,330,20,9,1.0
0.2,7,330,20,12,1.0
0.2,7,360,20,3,0.9
0.2,7,360,20,6,0.9
0.2,7,360,20,9,0.9
0.2,7,360,20,12,1.0
0.2,14,30,20,3,0.7
0.2,14,30,20,6,1.0
0.2,14,30,20,9,1.0
0.2,14,30,20,12,0.8
0.2,14,60,20,3,0.8
0.2,14,60,20,6,1.0
0.2,14,60,20,9,0.8
0.2,14,60,20,12,0.9
0.2,14,90,20,3,0.6
0.2,14,90,20,6,0.8
0.2,14,90,20,9,0.9
0.2,14,90,20,12,1.0
0.2,14,120,20,3,0.9
0.2,14,120,20,6,0.8
0.2,14,120,20,9,1.0
0.2,14,120,20,12,1.0
0.2,14,150,20,3,0.5
0.2,14,150,20,6,0.9
0.2,14,150,20,9,1.0
0.2,14,150,20,12,1.0
0.2,14,180,20,3,0.9
0.2,14,180,20,6,1.0
0.2,14,180,20,9,1.0
0.2,14,180,20,12,1.0
0.2,14,210,20,3,0.7
0.2,14,210,20,6,1.0
0.2,14,210,20,9,1.0
0.2,14,210,20,12,1.0
0.2,14,240,20,3,0.9
0.2,14,240,20,6,1.0
0.2,14,240,20,9,0.9
0.2,14,240,20,12,1.0
0.2,14,270,20,3,0.9
0.2,14,270,20,6,1.0
0.2,14,270,20,9,1.0
0.2,14,270,20,12,1.0
0.2,14,300,20,3,0.9
0.2,14,300,20,6,1.0
0.2,14,300,20,9,1.0
0.2,14,300,20,12,1.0
0.2,14,330,20,3,0.9
0.2,14,330,20,6,1.0
0.2,14,330,20,9,1.0
0.2,14,330,20,12,0.9
0.2,14,360,20,3,0.9
0.2,14,360,20,6,1.0
0.2,14,360,20,9,1.0
0.2,14,360,20,12,1.0
0.2,21,30,20,3,0.8
0.2,21,30,20,6,0.4
0.2,21,30,20,9,1.0
0.2,21,30,20,12,1.0
0.2,21,60,20,3,0.9
0.2,21,60,20,6,0.7
0.2,21,60,20,9,1.0
0.2,21,60,20,12,0.9
0.2,21,90,20,3,0.5
0.2,21,90,20,6,0.7
0.2,21,90,20,9,0.7
0.2,21,90,20,12,0.9
0.2,21,120,20,3,0.6
0.2,21,120,20,6,0.8
0.2,21,120,20,9,1.0
0.2,21,120,20,12,1.0
0.2,21,150,20,3,0.7
0.2,21,150,20,6,1.0
0.2,21,150,20,9,0.9
0.2,21,150,20,12,0.9
0.2,21,180,20,3,0.3
0.2,21,180,20,6,0.9
0.2,21,180,20,9,1.0
0.2,21,180,20,12,1.0
0.2,21,210,20,3,0.6
0.2,21,210,20,6,0.7
0.2,21,210,20,9,1.0
0.2,21,210,20,12,1.0
0.2,21,240,20,3,0.7
0.2,21,240,20,6,0.9
0.2,21,240,20,9,1.0
0.2,21,240,20,12,1.0
0.2,21,270,20,3,0.8
0.2,21,270,20,6,1.0
0.2,21,270,20,9,1.0
0.2,21,270,20,12,1.0
0.2,21,300,20,3,1.0
0.2,21,300,20,6,0.9
0.2,21,300,20,9,1.0
0.2,21,300,20,12,1.0
0.2,21,330,20,3,0.8
0.2,21,330,20,6,1.0
0.2,21,330,20,9,1.0
0.2,21,330,20,12,0.9
0.2,21,360,20,3,0.9
0.2,21,360,20,6,0.8
0.2,21,360,20,9,0.9
0.2,21,360,20,12,1.0
0.2,28,30,20,3,0.7
0.2,28,30,20,6,0.9
0.2,28,30,20,9,0.7
0.2,28,30,20,12,1.0
0.2,28,60,20,3,0.7
0.2,28,60,20,6,0.4
0.2,28,60,20,9,0.9
0.2,28,60,20,12,1.0
0.2,28,90,20,3,0.4
0.2,28,90,20,6,0.6
0.2,28,90,20,9,0.9
0.2,28,90,20,12,0.9
0.2,28,120,20,3,0.4
0.2,28,120,20,6,0.9
0.2,28,120,20,9,0.9
0.2,28,120,20,12,1.0
0.2,28,150,20,3,0.8
0.2,28,150,20,6,1.0
0.2,28,150,20,9,0.9
0.2,28,150,20,12,0.9
0.2,28,180,20,3,0.5
0.2,28,180,20,6,0.9
0.2,28,180,20,9,1.0
0.2,28,180,20,12,1.0
0.2,28,210,20,3,0.3
0.2,28,210,20,6,0.8
0.2,28,210,20,9,0.9
0.2,28,210,20,12,1.0
0.2,28,240,20,3,0.9
0.2,28,240,20,6,0.8
0.2,28,240,20,9,1.0
0.2,28,240,20,12,1.0
0.2,28,270,20,3,0.8
0.2,28,270,20,6,1.0
0.2,28,270,20,9,1.0
0.2,28,270,20,12,0.9
0.2,28,300,20,3,0.9
0.2,28,300,20,6,0.8
0.2,28,300,20,9,0.9
0.2,28,300,20,12,1.0
0.2,28,330,20,3,0.8
0.2,28,330,20,6,1.0
0.2,28,330,20,9,1.0
0.2,28,330,20,12,0.9
0.2,28,360,20,3,0.9
0.2,28,360,20,6,0.9
0.2,28,360,20,9,1.0
0.2,28,360,20,12,1.0
0.30000000000000004,7,30,20,3,0.5
0.30000000000000004,7,30,20,6,0.7
0.30000000000000004,7,30,20,9,1.0
0.30000000000000004,7,30,20,12,1.0
0.30000000000000004,7,60,20,3,0.3
0.30000000000000004,7,60,20,6,0.5
0.30000000000000004,7,60,20,9,1.0
0.30000000000000004,7,60,20,12,1.0
0.30000000000000004,7,90,20,3,0.7
0.30000000000000004,7,90,20,6,0.7
0.30000000000000004,7,90,20,9,0.9
0.30000000000000004,7,90,20,12,1.0
0.30000000000000004,7,120,20,3,0.2
0.30000000000000004,7,120,20,6,0.9
0.30000000000000004,7,120,20,9,0.9
0.30000000000000004,7,120,20,12,0.9
0.30000000000000004,7,150,20,3,0.6
0.30000000000000004,7,150,20,6,0.9
0.30000000000000004,7,150,20,9,1.0
0.30000000000000004,7,150,20,12,1.0
0.30000000000000004,7,180,20,3,0.4
0.30000000000000004,7,180,20,6,0.9
0.30000000000000004,7,180,20,9,0.9
0.30000000000000004,7,180,20,12,0.8
0.30000000000000004,7,210,20,3,0.3
0.30000000000000004,7,210,20,6,0.7
0.30000000000000004,7,210,20,9,0.6
0.30000000000000004,7,210,20,12,0.8
0.30000000000000004,7,240,20,3,0.4
0.30000000000000004,7,240,20,6,0.8
0.30000000000000004,7,240,20,9,0.8
0.30000000000000004,7,240,20,12,1.0
0.30000000000000004,7,270,20,3,0.3
0.30000000000000004,7,270,20,6,0.6
0.30000000000000004,7,270,20,9,0.8
0.30000000000000004,7,270,20,12,1.0
0.30000000000000004,7,300,20,3,0.3
0.30000000000000004,7,300,20,6,0.5
0.30000000000000004,7,300,20,9,0.7
0.30000000000000004,7,300,20,12,0.9
0.30000000000000004,7,330,20,3,0.4
0.30000000000000004,7,330,20,6,0.7
0.30000000000000004,7,330,20,9,1.0
0.30000000000000004,7,330,20,12,0.7
0.30000000000000004,7,360,20,3,0.2
0.30000000000000004,7,360,20,6,0.5
0.30000000000000004,7,360,20,9,0.7
0.30000000000000004,7,360,20,12,0.9
0.30000000000000004,14,30,20,3,0.5
0.30000000000000004,14,30,20,6,0.5
0.30000000000000004,14,30,20,9,0.5
0.30000000000000004,14,30,20,12,0.9
0.30000000000000004,14,60,20,3,1.0
0.30000000000000004,14,60,20,6,0.9
0.30000000000000004,14,60,20,9,0.9
0.30000000000000004,14,60,20,12,1.0
0.30000000000000004,14,90,20,3,0.7
0.30000000000000004,14,90,20,6,0.8
0.30000000000000004,14,90,20,9,0.9
0.30000000000000004,14,90,20,12,1.0
0.30000000000000004,14,120,20,3,0.0
0.30000000000000004,14,120,20,6,0.8
0.30000000000000004,14,120,20,9,0.8
0.30000000000000004,14,120,20,12,1.0
0.30000000000000004,14,150,20,3,0.2
0.30000000000000004,14,150,20,6,0.8
0.30000000000000004,14,150,20,9,0.9
0.30000000000000004,14,150,20,12,1.0
0.30000000000000004,14,180,20,3,0.6
0.30000000000000004,14,180,20,6,0.8
0.30000000000000004,14,180,20,9,0.7
0.30000000000000004,14,180,20,12,0.9
0.30000000000000004,14,210,20,3,0.7
0.30000000000000004,14,210,20,6,0.8
0.30000000000000004,14,210,20,9,0.9
0.30000000000000004,14,210,20,12,0.8
0.30000000000000004,14,240,20,3,0.4
0.30000000000000004,14,240,20,6,1.0
0.30000000000000004,14,240,20,9,0.9
0.30000000000000004,14,240,20,12,0.9
0.30000000000000004,14,270,20,3,0.7
0.30000000000000004,14,270,20,6,0.8
0.30000000000000004,14,270,20,9,1.0
0.30000000000000004,14,270,20,12,0.9
0.30000000000000004,14,300,20,3,0.8
0.30000000000000004,14,300,20,6,0.9
0.30000000000000004,14,300,20,9,0.9
0.30000000000000004,14,300,20,12,0.8
0.30000000000000004,14,330,20,3,0.6
0.30000000000000004,14,330,20,6,0.5
0.30000000000000004,14,330,20,9,0.8
0.30000000000000004,14,330,20,12,1.0
0.30000000000000004,14,360,20,3,0.3
0.30000000000000004,14,360,20,6,0.7
0.30000000000000004,14,360,20,9,0.9
0.30000000000000004,14,360,20,12,0.9
0.30000000000000004,21,30,20,3,0.5
0.30000000000000004,21,30,20,6,0.3
0.30000000000000004,21,30,20,9,0.1
0.30000000000000004,21,30,20,12,0.6
0.30000000000000004,21,60,20,3,0.8
0.30000000000000004,21,60,20,6,0.8
0.30000000000000004,21,60,20,9,0.8
0.30000000000000004,21,60,20,12,0.8
0.30000000000000004,21,90,20,3,0.3
0.30000000000000004,21,90,20,6,0.6
0.30000000000000004,21,90,20,9,0.9
0.30000000000000004,21,90,20,12,1.0
0.30000000000000004,21,120,20,3,0.4
0.30000000000000004,21,120,20,6,0.8
0.30000000000000004,21,120,20,9,0.8
0.30000000000000004,21,120,20,12,0.8
0.30000000000000004,21,150,20,3,0.5
0.30000000000000004,21,150,20,6,0.9
0.30000000000000004,21,150,20,9,0.9
0.30000000000000004,21,150,20,12,0.7
0.30000000000000004,21,180,20,3,0.7
0.30000000000000004,21,180,20,6,0.5
0.30000000000000004,21,180,20,9,0.9
0.30000000000000004,21,180,20,12,0.9
0.30000000000000004,21,210,20,3,0.7
0.30000000000000004,21,210,20,6,0.9
0.30000000000000004,21,210,20,9,1.0
0.30000000000000004,21,210,20,12,0.9
0.30000000000000004,21,240,20,3,0.8
0.30000000000000004,21,240,20,6,0.8
0.30000000000000004,21,240,20,9,0.8
0.30000000000000004,21,240,20,12,0.9
0.30000000000000004,21,270,20,3,0.7
0.30000000000000004,21,270,20,6,0.7
0.30000000000000004,21,270,20,9,0.9
0.30000000000000004,21,270,20,12,1.0
0.30000000000000004,21,300,20,3,0.7
0.30000000000000004,21,300,20,6,0.8
0.30000000000000004,21,300,20,9,1.0
0.30000000000000004,21,300,20,12,1.0
0.30000000000000004,21,330,20,3,0.4
0.30000000000000004,21,330,20,6,0.6
0.30000000000000004,21,330,20,9,0.7
0.30000000000000004,21,330,20,12,1.0
0.30000000000000004,21,360,20,3,0.6
0.30000000000000004,21,360,20,6,0.7
0.30000000000000004,21,360,20,9,1.0
0.30000000000000004,21,360,20,12,1.0
0.30000000000000004,28,30,20,3,0.5
0.30000000000000004,28,30,20,6,0.7
0.30000000000000004,28,30,20,9,0.4
0.30000000000000004,28,30,20,12,0.7
0.30000000000000004,28,60,20,3,0.7
0.30000000000000004,28,60,20,6,0.5
0.30000000000000004,28,60,20,9,0.5
0.30000000000000004,28,60,20,12,0.8
0.30000000000000004,28,90,20,3,0.3
0.30000000000000004,28,90,20,6,0.8
0.30000000000000004,28,90,20,9,0.7
0.30000000000000004,28,90,20,12,0.8
0.30000000000000004,28,120,20,3,0.2
0.30000000000000004,28,120,20,6,0.4
0.30000000000000004,28,120,20,9,0.9
0.30000000000000004,28,120,20,12,0.6
0.30000000000000004,28,150,20,3,0.2
0.30000000000000004,28,150,20,6,0.8
0.30000000000000004,28,150,20,9,0.8
0.30000000000000004,28,150,20,12,0.8
0.30000000000000004,28,180,20,3,0.2
0.30000000000000004,28,180,20,6,0.9
0.30000000000000004,28,180,20,9,0.9
0.30000000000000004,28,180,20,12,1.0
0.30000000000000004,28,210,20,3,0.3
0.30000000000000004,28,210,20,6,0.7
0.30000000000000004,28,210,20,9,1.0
0.30000000000000004,28,210,20,12,0.9
0.30000000000000004,28,240,20,3,0.4
0.30000000000000004,28,240,20,6,1.0
0.30000000000000004,28,240,20,9,0.9
0.30000000000000004,28,240,20,12,0.8
0.30000000000000004,28,270,20,3,0.4
0.30000000000000004,28,270,20,6,0.7
0.30000000000000004,28,270,20,9,1.0
0.30000000000000004,28,270,20,12,0.7
0.30000000000000004,28,300,20,3,0.8
0.30000000000000004,28,300,20,6,0.9
0.30000000000000004,28,300,20,9,0.6
0.30000000000000004,28,300,20,12,0.9
0.30000000000000004,28,330,20,3,0.9
0.30000000000000004,28,330,20,6,0.7
0.30000000000000004,28,330,20,9,1.0
0.30000000000000004,28,330,20,12,0.9
0.30000000000000004,28,360,20,3,0.7
0.30000000000000004,28,360,20,6,0.8
0.30000000000000004,28,360,20,9,0.9
0.30000000000000004,28,360,20,12,1.0
0.4,7,30,20,3,0.5
0.4,7,30,20,6,0.5
0.4,7,30,20,9,0.9
0.4,7,30,20,12,0.7
0.4,7,60,20,3,0.2
0.4,7,60,20,6,0.9
0.4,7,60,20,9,1.0
0.4,7,60,20,12,1.0
0.4,7,90,20,3,0.6
0.4,7,90,20,6,0.5
0.4,7,90,20,9,0.7
0.4,7,90,20,12,0.8
0.4,7,120,20,3,0.3
0.4,7,120,20,6,0.3
0.4,7,120,20,9,0.5
0.4,7,120,20,12,0.9
0.4,7,150,20,3,0.0
0.4,7,150,20,6,0.2
0.4,7,150,20,9,0.6
0.4,7,150,20,12,0.9
0.4,7,180,20,3,0.4
0.4,7,180,20,6,0.5
0.4,7,180,20,9,0.8
0.4,7,180,20,12,0.4
0.4,7,210,20,3,0.7
0.4,7,210,20,6,0.0
0.4,7,210,20,9,0.5
0.4,7,210,20,12,0.9
0.4,7,240,20,3,0.4
0.4,7,240,20,6,0.4
0.4,7,240,20,9,0.7
0.4,7,240,20,12,0.6
0.4,7,270,20,3,0.4
0.4,7,270,20,6,0.6
0.4,7,270,20,9,0.5
0.4,7,270,20,12,0.6
0.4,7,300,20,3,0.5
0.4,7,300,20,6,0.5
0.4,7,300,20,9,0.7
0.4,7,300,20,12,0.4
0.4,7,330,20,3,0.6
0.4,7,330,20,6,0.8
0.4,7,330,20,9,0.3
0.4,7,330,20,12,0.4
0.4,7,360,20,3,0.4
0.4,7,360,20,6,0.6
0.4,7,360,20,9,0.6
0.4,7,360,20,12,0.7
0.4,14,30,20,3,0.7
0.4,14,30,20,6,0.7
0.4,14,30,20,9,0.5
0.4,14,30,20,12,0.8
0.4,14,60,20,3,0.9
0.4,14,60,20,6,0.2
0.4,14,60,20,9,0.8
0.4,14,60,20,12,1.0
0.4,14,90,20,3,0.5
0.4,14,90,20,6,0.5
0.4,14,90,20,9,0.7
0.4,14,90,20,12,0.8
0.4,14,120,20,3,0.3
0.4,14,120,20,6,0.9
0.4,14,120,20,9,0.9
0.4,14,120,20,12,0.8
0.4,14,150,20,3,0.4
0.4,14,150,20,6,0.3
0.4,14,150,20,9,0.7
0.4,14,150,20,12,0.7
0.4,14,180,20,3,0.3
0.4,14,180,20,6,0.6
0.4,14,180,20,9,0.8
0.4,14,180,20,12,0.8
0.4,14,210,20,3,0.3
0.4,14,210,20,6,0.4
0.4,14,210,20,9,1.0
0.4,14,210,20,12,1.0
0.4,14,240,20,3,0.3
0.4,14,240,20,6,0.5
0.4,14,240,20,9,0.8
0.4,14,240,20,12,0.8
0.4,14,270,20,3,0.4
0.4,14,270,20,6,0.4
0.4,14,270,20,9,0.7
0.4,14,270,20,12,0.8
0.4,14,300,20,3,0.1
0.4,14,300,20,6,0.5
0.4,14,300,20,9,0.9
0.4,14,300,20,12,0.5
0.4,14,330,20,3,0.4
0.4,14,330,20,6,0.6
0.4,14,330,20,9,0.7
0.4,14,330,20,12,0.6
0.4,14,360,20,3,0.4
0.4,14,360,20,6,0.3
0.4,14,360,20,9,0.7
0.4,14,360,20,12,0.9
0.4,21,30,20,3,0.3
0.4,21,30,20,6,0.2
0.4,21,30,20,9,0.2
0.4,21,30,20,12,0.3
0.4,21,60,20,3,0.1
0.4,21,60,20,6,0.7
0.4,21,60,20,9,0.8
0.4,21,60,20,12,0.6
0.4,21,90,20,3,0.2
0.4,21,90,20,6,0.9
0.4,21,90,20,9,0.7
0.4,21,90,20,12,0.6
0.4,21,120,20,3,0.0
0.4,21,120,20,6,0.9
0.4,21,120,20,9,0.9
0.4,21,120,20,12,0.9
0.4,21,150,20,3,0.5
0.4,21,150,20,6,0.8
0.4,21,150,20,9,0.9
0.4,21,150,20,12,0.2
0.4,21,180,20,3,0.0
0.4,21,180,20,6,1.0
0.4,21,180,20,9,0.6
0.4,21,180,20,12,0.8
0.4,21,210,20,3,0.1
0.4,21,210,20,6,0.7
0.4,21,210,20,9,0.8
0.4,21,210,20,12,0.8
0.4,21,240,20,3,0.5
0.4,21,240,20,6,0.3
0.4,21,240,20,9,0.7
0.4,21,240,20,12,0.7
0.4,21,270,20,3,0.1
0.4,21,270,20,6,0.6
0.4,21,270,20,9,0.4
0.4,21,270,20,12,0.6
0.4,21,300,20,3,0.6
0.4,21,300,20,6,0.6
0.4,21,300,20,9,0.7
0.4,21,300,20,12,0.9
0.4,21,330,20,3,0.2
0.4,21,330,20,6,0.4
0.4,21,330,20,9,0.7
0.4,21,330,20,12,0.6
0.4,21,360,20,3,0.2
0.4,21,360,20,6,0.8
0.4,21,360,20,9,0.8
0.4,21,360,20,12,0.9
0.4,28,30,20,3,0.7
0.4,28,30,20,6,0.3
0.4,28,30,20,9,0.5
0.4,28,30,20,12,0.7
0.4,28,60,20,3,0.5
0.4,28,60,20,6,0.3
0.4,28,60,20,9,0.2
0.4,28,60,20,12,0.6
0.4,28,90,20,3,0.0
0.4,28,90,20,6,0.3
0.4,28,90,20,9,0.3
0.4,28,90,20,12,0.8
0.4,28,120,20,3,0.2
0.4,28,120,20,6,0.7
0.4,28,120,20,9,0.9
0.4,28,120,20,12,0.7
0.4,28,150,20,3,0.0
0.4,28,150,20,6,0.7
0.4,28,150,20,9,0.7
0.4,28,150,20,12,0.8
0.4,28,180,20,3,0.0
0.4,28,180,20,6,0.2
0.4,28,180,20,9,1.0
0.4,28,180,20,12,0.9
0.4,28,210,20,3,0.8
0.4,28,210,20,6,0.9
0.4,28,210,20,9,0.8
0.4,28,210,20,12,0.6
0.4,28,240,20,3,0.2
0.4,28,240,20,6,0.5
0.4,28,240,20,9,0.6
0.4,28,240,20,12,0.9
0.4,28,270,20,3,0.8
0.4,28,270,20,6,0.6
0.4,28,270,20,9,0.4
0.4,28,270,20,12,1.0
0.4,28,300,20,3,0.5
0.4,28,300,20,6,0.6
0.4,28,300,20,9,0.5
0.4,28,300,20,12,0.9
0.4,28,330,20,3,0.2
0.4,28,330,20,6,0.4
0.4,28,330,20,9,0.7
0.4,28,330,20,12,0.9
0.4,28,360,20,3,0.0
0.4,28,360,20,6,0.6
0.4,28,360,20,9,0.8
0.4,28,360,20,12,0.4
0.5,7,30,20,3,0.2
0.5,7,30,20,6,0.4
0.5,7,30,20,9,0.8
0.5,7,30,20,12,0.8
0.5,7,60,20,3,0.3
0.5,7,60,20,6,0.4
0.5,7,60,20,9,0.5
0.5,7,60,20,12,0.5
0.5,7,90,20,3,0.1
0.5,7,90,20,6,0.3
0.5,7,90,20,9,0.8
0.5,7,90,20,12,0.3
0.5,7,120,20,3,0.4
0.5,7,120,20,6,0.1
0.5,7,120,20,9,0.2
0.5,7,120,20,12,0.2
0.5,7,150,20,3,0.4
0.5,7,150,20,6,0.1
0.5,7,150,20,9,0.9
0.5,7,150,20,12,0.5
0.5,7,180,20,3,0.5
0.5,7,180,20,6,0.4
0.5,7,180,20,9,0.3
0.5,7,180,20,12,0.7
0.5,7,210,20,3,0.3
0.5,7,210,20,6,0.1
0.5,7,210,20,9,0.5
0.5,7,210,20,12,0.3
0.5,7,240,20,3,0.4
0.5,7,240,20,6,0.6
0.5,7,240,20,9,0.2
0.5,7,240,20,12,0.4
0.5,7,270,20,3,0.0
0.5,7,270,20,6,0.8
0.5,7,270,20,9,0.9
0.5,7,270,20,12,0.5
0.5,7,300,20,3,0.1
0.5,7,300,20,6,0.1
0.5,7,300,20,9,0.4
0.5,7,300,20,12,0.2
0.5,7,330,20,3,0.1
0.5,7,330,20,6,0.1
0.5,7,330,20,9,0.6
0.5,7,330,20,12,0.2
0.5,7,360,20,3,0.2
0.5,7,360,20,6,0.2
0.5,7,360,20,9,0.2
0.5,7,360,20,12,0.7
0.5,14,30,20,3,0.1
0.5,14,30,20,6,0.5
0.5,14,30,20,9,0.4
0.5,14,30,20,12,0.4
0.5,14,60,20,3,0.5
0.5,14,60,20,6,0.4
0.5,14,60,20,9,0.4
0.5,14,60,20,12,0.7
0.5,14,90,20,3,0.1
0.5,14,90,20,6,0.3
0.5,14,90,20,9,0.9
0.5,14,90,20,12,0.4
0.5,14,120,20,3,0.6
0.5,14,120,20,6,0.4
0.5,14,120,20,9,0.6
0.5,14,120,20,12,0.7
0.5,14,150,20,3,0.2
0.5,14,150,20,6,0.7
0.5,14,150,20,9,0.3
0.5,14,150,20,12,0.5
0.5,14,180,20,3,0.2
0.5,14,180,20,6,0.5
0.5,14,180,20,9,0.2
0.5,14,180,20,12,0.7
0.5,14,210,20,3,0.0
0.5,14,210,20,6,0.4
0.5,14,210,20,9,0.2
0.5,14,210,20,12,0.8
0.5,14,240,20,3,0.4
0.5,14,240,20,6,0.8
0.5,14,240,20,9,0.7
0.5,14,240,20,12,0.2
0.5,14,270,20,3,0.3
0.5,14,270,20,6,0.2
0.5,14,270,20,9,0.6
0.5,14,270,20,12,0.6
0.5,14,300,20,3,0.6
0.5,14,300,20,6,0.1
0.5,14,300,20,9,0.2
0.5,14,300,20,12,0.5
0.5,14,330,20,3,0.3
0.5,14,330,20,6,0.0
0.5,14,330,20,9,0.1
0.5,14,330,20,12,0.2
0.5,14,360,20,3,0.2
0.5,14,360,20,6,0.0
0.5,14,360,20,9,0.2
0.5,14,360,20,12,0.7
0.5,21,30,20,3,0.4
0.5,21,30,20,6,0.3
0.5,21,30,20,9,0.0
0.5,21,30,20,12,0.2
0.5,21,60,20,3,0.1
0.5,21,60,20,6,0.2
0.5,21,60,20,9,0.4
0.5,21,60,20,12,0.8
0.5,21,90,20,3,0.1
0.5,21,90,20,6,0.5
0.5,21,90,20,9,0.3
0.5,21,90,20,12,0.5
0.5,21,120,20,3,0.1
0.5,21,120,20,6,0.2
0.5,21,120,20,9,0.7
0.5,21,120,20,12,0.8
0.5,21,150,20,3,0.4
0.5,21,150,20,6,0.0
0.5,21,150,20,9,0.6
0.5,21,150,20,12,0.3
0.5,21,180,20,3,0.0
0.5,21,180,20,6,0.7
0.5,21,180,20,9,0.3
0.5,21,180,20,12,0.7
0.5,21,210,20,3,0.0
0.5,21,210,20,6,0.4
0.5,21,210,20,9,0.0
0.5,21,210,20,12,0.9
0.5,21,240,20,3,0.0
0.5,21,240,20,6,0.5
0.5,21,240,20,9,0.6
0.5,21,240,20,12,0.6
0.5,21,270,20,3,0.0
0.5,21,270,20,6,0.5
0.5,21,270,20,9,0.8
0.5,21,270,20,12,0.3
0.5,21,300,20,3,0.3
0.5,21,300,20,6,0.4
0.5,21,300,20,9,0.5
0.5,21,300,20,12,0.7
0.5,21,330,20,3,0.4
0.5,21,330,20,6,0.6
0.5,21,330,20,9,0.5
0.5,21,330,20,12,0.4
0.5,21,360,20,3,0.1
0.5,21,360,20,6,0.1
0.5,21,360,20,9,0.6
0.5,21,360,20,12,0.3
0.5,28,30,20,3,0.4
0.5,28,30,20,6,0.2
0.5,28,30,20,9,0.2
0.5,28,30,20,12,0.4
0.5,28,60,20,3,0.4
0.5,28,60,20,6,0.0
0.5,28,60,20,9,0.4
0.5,28,60,20,12,0.6
0.5,28,90,20,3,0.4
0.5,28,90,20,6,0.2
0.5,28,90,20,9,0.4
0.5,28,90,20,12,0.5
0.5,28,120,20,3,0.0
0.5,28,120,20,6,0.2
0.5,28,120,20,9,0.5
0.5,28,120,20,12,0.6
0.5,28,150,20,3,0.5
0.5,28,150,20,6,0.0
0.5,28,150,20,9,0.4
0.5,28,150,20,12,0.7
0.5,28,180,20,3,0.4
0.5,28,180,20,6,0.2
0.5,28,180,20,9,0.7
0.5,28,180,20,12,0.7
0.5,28,210,20,3,0.4
0.5,28,210,20,6,0.2
0.5,28,210,20,9,0.6
0.5,28,210,20,12,0.7
0.5,28,240,20,3,0.1
0.5,28,240,20,6,0.4
0.5,28,240,20,9,0.5
0.5,28,240,20,12,0.7
0.5,28,270,20,3,0.1
0.5,28,270,20,6,0.5
0.5,28,270,20,9,0.4
0.5,28,270,20,12,1.0
0.5,28,300,20,3,0.7
0.5,28,300,20,6,0.3
0.5,28,300,20,9,0.5
0.5,28,300,20,12,0.6
0.5,28,330,20,3,0.1
0.5,28,330,20,6,0.1
0.5,28,330,20,9,0.6
0.5,28,330,20,12,0.5
0.5,28,360,20,3,0.0
0.5,28,360,20,6,0.2
0.5,28,360,20,9,0.3
0.5,28,360,20,12,0.2
0.6000000000000001,7,30,20,3,0.1
0.6000000000000001,7,30,20,6,0.2
0.6000000000000001,7,30,20,9,0.1
0.6000000000000001,7,30,20,12,0.4
0.6000000000000001,7,60,20,3,0.3
0.6000000000000001,7,60,20,6,0.4
0.6000000000000001,7,60,20,9,0.7
0.6000000000000001,7,60,20,12,0.4
0.6000000000000001,7,90,20,3,0.5
0.6000000000000001,7,90,20,6,0.1
0.6000000000000001,7,90,20,9,0.1
0.6000000000000001,7,90,20,12,1.0
0.6000000000000001,7,120,20,3,0.0
0.6000000000000001,7,120,20,6,0.1
0.6000000000000001,7,120,20,9,0.5
0.6000000000000001,7,120,20,12,0.6
0.6000000000000001,7,150,20,3,0.5
0.6000000000000001,7,150,20,6,0.0
0.6000000000000001,7,150,20,9,0.4
0.6000000000000001,7,150,20,12,0.3
0.6000000000000001,7,180,20,3,0.1
0.6000000000000001,7,180,20,6,0.4
0.6000000000000001,7,180,20,9,0.5
0.6000000000000001,7,180,20,12,0.1
0.6000000000000001,7,210,20,3,0.1
0.6000000000000001,7,210,20,6,0.1
0.6000000000000001,7,210,20,9,0.6
0.6000000000000001,7,210,20,12,0.1
0.6000000000000001,7,240,20,3,0.2
0.6000000000000001,7,240,20,6,0.5
0.6000000000000001,7,240,20,9,0.2
0.6000000000000001,7,240,20,12,0.4
0.6000000000000001,7,270,20,3,0.6
0.6000000000000001,7,270,20,6,0.4
0.6000000000000001,7,270,20,9,0.2
0.6000000000000001,7,270,20,12,0.3
0.6000000000000001,7,300,20,3,0.7
0.6000000000000001,7,300,20,6,0.1
0.6000000000000001,7,300,20,9,0.4
0.6000000000000001,7,300,20,12,0.4
0.6000000000000001,7,330,20,3,0.1
0.6000000000000001,7,330,20,6,0.0
0.6000000000000001,7,330,20,9,0.0
0.6000000000000001,7,330,20,12,0.2
0.6000000000000001,7,360,20,3,0.2
0.6000000000000001,7,360,20,6,0.3
0.6000000000000001,7,360,20,9,0.3
0.6000000000000001,7,360,20,12,0.0
0.6000000000000001,14,30,20,3,0.3
0.6000000000000001,14,30,20,6,0.4
0.6000000000000001,14,30,20,9,0.5
0.6000000000000001,14,30,20,12,0.8
0.6000000000000001,14,60,20,3,0.2
0.6000000000000001,14,60,20,6,0.3
0.6000000000000001,14,60,20,9,0.5
0.6000000000000001,14,60,20,12,0.6
0.6000000000000001,14,90,20,3,0.0
0.6000000000000001,14,90,20,6,0.2
0.6000000000000001,14,90,20,9,0.5
0.6000000000000001,14,90,20,12,0.4
0.6000000000000001,14,120,20,3,0.3
0.6000000000000001,14,120,20,6,0.2
0.6000000000000001,14,120,20,9,0.1
0.6000000000000001,14,120,20,12,0.1
0.6000000000000001,14,150,20,3,0.1
0.6000000000000001,14,150,20,6,0.2
0.6000000000000001,14,150,20,9,0.4
0.6000000000000001,14,150,20,12,0.3
0.6000000000000001,14,180,20,3,0.3
0.6000000000000001,14,180,20,6,0.2
0.6000000000000001,14,180,20,9,0.2
0.6000000000000001,14,180,20,12,0.2
0.6000000000000001,14,210,20,3,0.3
0.6000000000000001,14,210,20,6,0.5
0.6000000000000001,14,210,20,9,0.2
0.6000000000000001,14,210,20,12,0.7
0.6000000000000001,14,240,20,3,0.2
0.6000000000000001,14,240,20,6,0.0
0.6000000000000001,14,240,20,9,0.0
0.6000000000000001,14,240,20,12,0.1
0.6000000000000001,14,270,20,3,0.4
0.6000000000000001,14,270,20,6,0.4
0.6000000000000001,14,270,20,9,0.5
0.6000000000000001,14,270,20,12,0.4
0.6000000000000001,14,300,20,3,0.2
0.6000000000000001,14,300,20,6,0.3
0.6000000000000001,14,300,20,9,0.3
0.6000000000000001,14,300,20,12,0.4
0.6000000000000001,14,330,20,3,0.0
0.6000000000000001,14,330,20,6,0.0
0.6000000000000001,14,330,20,9,0.6
0.6000000000000001,14,330,20,12,0.5
0.6000000000000001,14,360,20,3,0.2
0.6000000000000001,14,360,20,6,0.3
0.6000000000000001,14,360,20,9,0.4
0.6000000000000001,14,360,20,12,0.3
0.6000000000000001,21,30,20,3,0.0
0.6000000000000001,21,30,20,6,0.5
0.6000000000000001,21,30,20,9,0.0
0.6000000000000001,21,30,20,12,0.2
0.6000000000000001,21,60,20,3,0.4
0.6000000000000001,21,60,20,6,0.0
0.6000000000000001,21,60,20,9,0.7
0.6000000000000001,21,60,20,12,0.0
0.6000000000000001,21,90,20,3,0.2
0.6000000000000001,21,90,20,6,0.0
0.6000000000000001,21,90,20,9,0.1
0.6000000000000001,21,90,20,12,0.4
0.6000000000000001,21,120,20,3,0.1
0.6000000000000001,21,120,20,6,0.3
0.6000000000000001,21,120,20,9,0.3
0.6000000000000001,21,120,20,12,0.1
0.6000000000000001,21,150,20,3,0.1
0.6000000000000001,21,150,20,6,0.3
0.6000000000000001,21,150,20,9,0.4
0.6000000000000001,21,150,20,12,0.4
0.6000000000000001,21,180,20,3,0.2
0.6000000000000001,21,180,20,6,0.0
0.6000000000000001,21,180,20,9,0.2
0.6000000000000001,21,180,20,12,0.5
0.6000000000000001,21,210,20,3,0.0
0.6000000000000001,21,210,20,6,0.4
0.6000000000000001,21,210,20,9,0.3
0.6000000000000001,21,210,20,12,0.6
0.6000000000000001,21,240,20,3,0.2
0.6000000000000001,21,240,20,6,0.5
0.6000000000000001,21,240,20,9,0.5
0.6000000000000001,21,240,20,12,0.0
0.6000000000000001,21,270,20,3,0.0
0.6000000000000001,21,270,20,6,0.3
0.6000000000000001,21,270,20,9,0.3
0.6000000000000001,21,270,20,12,0.5
0.6000000000000001,21,300,20,3,0.6
0.6000000000000001,21,300,20,6,0.1
0.6000000000000001,21,300,20,9,0.3
0.6000000000000001,21,300,20,12,0.3
0.6000000000000001,21,330,20,3,0.2
0.6000000000000001,21,330,20,6,0.2
0.6000000000000001,21,330,20,9,0.1
0.6000000000000001,21,330,20,12,0.0
0.6000000000000001,21,360,20,3,0.3
0.6000000000000001,21,360,20,6,0.5
0.6000000000000001,21,360,20,9,0.2
0.6000000000000001,21,360,20,12,0.4
0.6000000000000001,28,30,20,3,0.1
0.6000000000000001,28,30,20,6,0.0
0.6000000000000001,28,30,20,9,0.1
0.6000000000000001,28,30,20,12,0.1
0.6000000000000001,28,60,20,3,0.1
0.6000000000000001,28,60,20,6,0.2
0.6000000000000001,28,60,20,9,0.3
0.6000000000000001,28,60,20,12,0.7
0.6000000000000001,28,90,20,3,0.0
0.6000000000000001,28,90,20,6,0.2
0.6000000000000001,28,90,20,9,0.3
0.6000000000000001,28,90,20,12,0.6
0.6000000000000001,28,120,20,3,0.1
0.6000000000000001,28,120,20,6,0.1
0.6000000000000001,28,120,20,9,0.4
0.6000000000000001,28,120,20,12,0.3
0.6000000000000001,28,150,20,3,0.0
0.6000000000000001,28,150,20,6,0.0
0.6000000000000001,28,150,20,9,0.6
0.6000000000000001,28,150,20,12,0.0
0.6000000000000001,28,180,20,3,0.2
0.6000000000000001,28,180,20,6,0.5
0.6000000000000001,28,180,20,9,0.4
0.6000000000000001,28,180,20,12,0.9
0.6000000000000001,28,210,20,3,0.3
0.6000000000000001,28,210,20,6,0.3
0.6000000000000001,28,210,20,9,0.5
0.6000000000000001,28,210,20,12,0.4
0.6000000000000001,28,240,20,3,0.0
0.6000000000000001,28,240,20,6,0.6
0.6000000000000001,28,240,20,9,0.0
0.6000000000000001,28,240,20,12,0.2
0.6000000000000001,28,270,20,3,0.2
0.6000000000000001,28,270,20,6,0.4
0.6000000000000001,28,270,20,9,0.2
0.6000000000000001,28,270,20,12,0.2
0.6000000000000001,28,300,20,3,0.4
0.6000000000000001,28,300,20,6,0.2
0.6000000000000001,28,300,20,9,0.0
0.6000000000000001,28,300,20,12,0.4
0.6000000000000001,28,330,20,3,0.0
0.6000000000000001,28,330,20,6,0.0
0.6000000000000001,28,330,20,9,0.4
0.6000000000000001,28,330,20,12,0.6
0.6000000000000001,28,360,20,3,0.4
0.6000000000000001,28,360,20,6,0.1
0.6000000000000001,28,360,20,9,0.4
0.6000000000000001,28,360,20,12,0.7
0.7000000000000001,7,30,20,3,0.4
0.7000000000000001,7,30,20,6,0.3
0.7000000000000001,7,30,20,9,0.7
0.7000000000000001,7,30,20,12,0.3
0.7000000000000001,7,60,20,3,0.2
0.7000000000000001,7,60,20,6,0.3
0.7000000000000001,7,60,20,9,0.3
0.7000000000000001,7,60,20,12,0.4
0.7000000000000001,7,90,20,3,0.1
0.7000000000000001,7,90,20,6,0.3
0.7000000000000001,7,90,20,9,0.1
0.7000000000000001,7,90,20,12,0.8
0.7000000000000001,7,120,20,3,0.1
0.7000000000000001,7,120,20,6,0.1
0.7000000000000001,7,120,20,9,0.0
0.7000000000000001,7,120,20,12,0.5
0.7000000000000001,7,150,20,3,0.2
0.7000000000000001,7,150,20,6,0.4
0.7000000000000001,7,150,20,9,0.6
0.7000000000000001,7,150,20,12,0.8
0.7000000000000001,7,180,20,3,0.2
0.7000000000000001,7,180,20,6,0.2
0.7000000000000001,7,180,20,9,0.2
0.7000000000000001,7,180,20,12,0.1
0.7000000000000001,7,210,20,3,0.2
0.7000000000000001,7,210,20,6,0.4
0.7000000000000001,7,210,20,9,0.2
0.7000000000000001,7,210,20,12,0.2
0.7000000000000001,7,240,20,3,0.2
0.7000000000000001,7,240,20,6,0.4
0.7000000000000001,7,240,20,9,0.2
0.7000000000000001,7,240,20,12,0.8
0.7000000000000001,7,270,20,3,0.2
0.7000000000000001,7,270,20,6,0.1
0.7000000000000001,7,270,20,9,0.0
0.7000000000000001,7,270,20,12,0.1
0.7000000000000001,7,300,20,3,0.6
0.7000000000000001,7,300,20,6,0.6
0.7000000000000001,7,300,20,9,0.6
0.7000000000000001,7,300,20,12,0.2
0.7000000000000001,7,330,20,3,0.2
0.7000000000000001,7,330,20,6,0.8
0.7000000000000001,7,330,20,9,0.4
0.7000000000000001,7,330,20,12,0.3
0.7000000000000001,7,360,20,3,0.6
0.7000000000000001,7,360,20,6,0.5
0.7000000000000001,7,360,20,9,0.6
0.7000000000000001,7,360,20,12,0.5
0.7000000000000001,14,30,20,3,0.0
0.7000000000000001,14,30,20,6,0.3
0.7000000000000001,14,30,20,9,0.1
0.7000000000000001,14,30,20,12,0.4
0.7000000000000001,14,60,20,3,0.3
0.7000000000000001,14,60,20,6,0.1
0.7000000000000001,14,60,20,9,0.0
0.7000000000000001,14,60,20,12,0.4
0.7000000000000001,14,90,20,3,0.2
0.7000000000000001,14,90,20,6,0.1
0.7000000000000001,14,90,20,9,0.4
0.7000000000000001,14,90,20,12,0.6
0.7000000000000001,14,120,20,3,0.6
0.7000000000000001,14,120,20,6,0.0
0.7000000000000001,14,120,20,9,0.2
0.7000000000000001,14,120,20,12,0.4
0.7000000000000001,14,150,20,3,0.0
0.7000000000000001,14,150,20,6,0.3
0.7000000000000001,14,150,20,9,0.2
0.7000000000000001,14,150,20,12,0.0
0.7000000000000001,14,180,20,3,0.1
0.7000000000000001,14,180,20,6,0.2
0.7000000000000001,14,180,20,9,0.1
0.7000000000000001,14,180,20,12,0.0
0.7000000000000001,14,210,20,3,0.0
0.7000000000000001,14,210,20,6,0.6
0.7000000000000001,14,210,20,9,0.1
0.7000000000000001,14,210,20,12,0.1
0.7000000000000001,14,240,20,3,0.0
0.7000000000000001,14,240,20,6,0.0
0.7000000000000001,14,240,20,9,0.3
0.7000000000000001,14,240,20,12,0.5
0.7000000000000001,14,270,20,3,0.1
0.7000000000000001,14,270,20,6,0.6
0.7000000000000001,14,270,20,9,0.0
0.7000000000000001,14,270,20,12,0.4
0.7000000000000001,14,300,20,3,0.3
0.7000000000000001,14,300,20,6,0.1
0.7000000000000001,14,300,20,9,0.1
0.7000000000000001,14,300,20,12,0.2
0.7000000000000001,14,330,20,3,0.3
0.7000000000000001,14,330,20,6,0.2
0.7000000000000001,14,330,20,9,0.4
0.7000000000000001,14,330,20,12,0.2
0.7000000000000001,14,360,20,3,0.1
0.7000000000000001,14,360,20,6,0.2
0.7000000000000001,14,360,20,9,0.7
0.7000000000000001,14,360,20,12,0.0
0.7000000000000001,21,30,20,3,0.2
0.7000000000000001,21,30,20,6,0.3
0.7000000000000001,21,30,20,9,0.1
0.7000000000000001,21,30,20,12,0.3
0.7000000000000001,21,60,20,3,0.3
0.7000000000000001,21,60,20,6,0.6
0.7000000000000001,21,60,20,9,0.4
0.7000000000000001,21,60,20,12,0.2
0.7000000000000001,21,90,20,3,0.7
0.7000000000000001,21,90,20,6,0.1
0.7000000000000001,21,90,20,9,0.3
0.7000000000000001,21,90,20,12,0.3
0.7000000000000001,21,120,20,3,0.5
0.7000000000000001,21,120,20,6,0.0
0.7000000000000001,21,120,20,9,0.2
0.7000000000000001,21,120,20,12,0.6
0.7000000000000001,21,150,20,3,0.3
0.7000000000000001,21,150,20,6,0.0
0.7000000000000001,21,150,20,9,0.2
0.7000000000000001,21,150,20,12,0.1
0.7000000000000001,21,180,20,3,0.0
0.7000000000000001,21,180,20,6,0.0
0.7000000000000001,21,180,20,9,0.1
0.7000000000000001,21,180,20,12,0.2
0.7000000000000001,21,210,20,3,0.1
0.7000000000000001,21,210,20,6,0.2
0.7000000000000001,21,210,20,9,0.5
0.7000000000000001,21,210,20,12,0.9
0.7000000000000001,21,240,20,3,0.1
0.7000000000000001,21,240,20,6,0.3
0.7000000000000001,21,240,20,9,0.2
0.7000000000000001,21,240,20,12,0.7
0.7000000000000001,21,270,20,3,0.4
0.7000000000000001,21,270,20,6,0.2
0.7000000000000001,21,270,20,9,0.4
0.7000000000000001,21,270,20,12,0.3
0.7000000000000001,21,300,20,3,0.2
0.7000000000000001,21,300,20,6,0.2
0.7000000000000001,21,300,20,9,0.6
0.7000000000000001,21,300,20,12,0.3
0.7000000000000001,21,330,20,3,0.1
0.7000000000000001,21,330,20,6,0.0
0.7000000000000001,21,330,20,9,0.6
0.7000000000000001,21,330,20,12,0.3
0.7000000000000001,21,360,20,3,0.1
0.7000000000000001,21,360,20,6,0.5
0.7000000000000001,21,360,20,9,0.1
0.7000000000000001,21,360,20,12,0.3
0.7000000000000001,28,30,20,3,0.1
0.7000000000000001,28,30,20,6,0.6
0.7000000000000001,28,30,20,9,0.4
0.7000000000000001,28,30,20,12,0.4
0.7000000000000001,28,60,20,3,0.5
0.7000000000000001,28,60,20,6,0.4
0.7000000000000001,28,60,20,9,0.2
0.7000000000000001,28,60,20,12,0.1
0.7000000000000001,28,90,20,3,0.2
0.7000000000000001,28,90,20,6,0.3
0.7000000000000001,28,90,20,9,0.0
0.7000000000000001,28,90,20,12,0.2
0.7000000000000001,28,120,20,3,0.0
0.7000000000000001,28,120,20,6,0.0
0.7000000000000001,28,120,20,9,0.5
0.7000000000000001,28,120,20,12,0.8
0.7000000000000001,28,150,20,3,0.0
0.7000000000000001,28,150,20,6,0.4
0.7000000000000001,28,150,20,9,0.0
0.7000000000000001,28,150,20,12,0.2
0.7000000000000001,28,180,20,3,0.4
0.7000000000000001,28,180,20,6,0.1
0.7000000000000001,28,180,20,9,0.4
0.7000000000000001,28,180,20,12,0.8
0.7000000000000001,28,210,20,3,0.7
0.7000000000000001,28,210,20,6,0.1
0.7000000000000001,28,210,20,9,0.4
0.7000000000000001,28,210,20,12,0.6
0.7000000000000001,28,240,20,3,0.1
0.7000000000000001,28,240,20,6,0.1
0.7000000000000001,28,240,20,9,0.4
0.7000000000000001,28,240,20,12,0.4
0.7000000000000001,28,270,20,3,0.2
0.7000000000000001,28,270,20,6,0.0
0.7000000000000001,28,270,20,9,0.2
0.7000000000000001,28,270,20,12,0.4
0.7000000000000001,28,300,20,3,0.5
0.7000000000000001,28,300,20,6,0.3
0.7000000000000001,28,300,20,9,0.7
0.7000000000000001,28,300,20,12,0.3
0.7000000000000001,28,330,20,3,0.1
0.7000000000000001,28,330,20,6,0.6
0.7000000000000001,28,330,20,9,0.3
0.7000000000000001,28,330,20,12,0.2
0.7000000000000001,28,360,20,3,0.1
0.7000000000000001,28,360,20,6,0.1
0.7000000000000001,28,360,20,9,0.7
0.7000000000000001,28,360,20,12,0.3
0.8,7,30,20,3,0.3
0.8,7,30,20,6,0.1
0.8,7,30,20,9,0.4
0.8,7,30,20,12,0.4
0.8,7,60,20,3,0.5
0.8,7,60,20,6,0.6
0.8,7,60,20,9,0.4
0.8,7,60,20,12,0.1
0.8,7,90,20,3,0.5
0.8,7,90,20,6,0.4
0.8,7,90,20,9,0.5
0.8,7,90,20,12,0.3
0.8,7,120,20,3,0.3
0.8,7,120,20,6,0.5
0.8,7,120,20,9,0.5
0.8,7,120,20,12,0.0
0.8,7,150,20,3,0.0
0.8,7,150,20,6,0.3
0.8,7,150,20,9,0.1
0.8,7,150,20,12,0.6
0.8,7,180,20,3,0.2
0.8,7,180,20,6,0.4
0.8,7,180,20,9,0.4
0.8,7,180,20,12,0.6
0.8,7,210,20,3,0.6
0.8,7,210,20,6,0.0
0.8,7,210,20,9,0.2
0.8,7,210,20,12,0.1
0.8,7,240,20,3,0.1
0.8,7,240,20,6,0.0
0.8,7,240,20,9,0.4
0.8,7,240,20,12,0.4
0.8,7,270,20,3,0.5
0.8,7,270,20,6,0.4
0.8,7,270,20,9,0.5
0.8,7,270,20,12,0.2
0.8,7,300,20,3,0.6
0.8,7,300,20,6,0.2
0.8,7,300,20,9,0.6
0.8,7,300,20,12,0.3
0.8,7,330,20,3,0.1
0.8,7,330,20,6,0.3
0.8,7,330,20,9,0.0
0.8,7,330,20,12,0.5
0.8,7,360,20,3,0.1
0.8,7,360,20,6,0.0
0.8,7,360,20,9,0.6
0.8,7,360,20,12,0.3
0.8,14,30,20,3,0.6
0.8,14,30,20,6,0.0
0.8,14,30,20,9,0.0
0.8,14,30,20,12,0.7
0.8,14,60,20,3,0.1
0.8,14,60,20,6,0.3
0.8,14,60,20,9,0.5
0.8,14,60,20,12,0.2
0.8,14,90,20,3,0.1
0.8,14,90,20,6,0.0
0.8,14,90,20,9,0.1
0.8,14,90,20,12,0.4
0.8,14,120,20,3,0.1
0.8,14,120,20,6,0.0
0.8,14,120,20,9,0.1
0.8,14,120,20,12,0.4
0.8,14,150,20,3,0.2
0.8,14,150,20,6,0.3
0.8,14,150,20,9,0.6
0.8,14,150,20,12,0.4
0.8,14,180,20,3,0.1
0.8,14,180,20,6,0.1
0.8,14,180,20,9,0.3
0.8,14,180,20,12,0.3
0.8,14,210,20,3,0.3
0.8,14,210,20,6,0.0
0.8,14,210,20,9,0.0
0.8,14,210,20,12,0.5
0.8,14,240,20,3,0.7
0.8,14,240,20,6,0.3
0.8,14,240,20,9,0.9
0.8,14,240,20,12,0.0
0.8,14,270,20,3,0.0
0.8,14,270,20,6,0.0
0.8,14,270,20,9,0.0
0.8,14,270,20,12,0.3
0.8,14,300,20,3,0.0
0.8,14,300,20,6,0.1
0.8,14,300,20,9,0.1
0.8,14,300,20,12,0.9
0.8,14,330,20,3,0.8
0.8,14,330,20,6,0.5
0.8,14,330,20,9,0.1
0.8,14,330,20,12,0.2
0.8,14,360,20,3,0.2
0.8,14,360,20,6,0.4
0.8,14,360,20,9,0.7
0.8,14,360,20,12,0.7
0.8,21,30,20,3,0.0
0.8,21,30,20,6,0.2
0.8,21,30,20,9,0.1
0.8,21,30,20,12,0.1
0.8,21,60,20,3,0.5
0.8,21,60,20,6,0.2
0.8,21,60,20,9,0.4
0.8,21,60,20,12,0.3
0.8,21,90,20,3,0.3
0.8,21,90,20,6,0.3
0.8,21,90,20,9,0.1
0.8,21,90,20,12,0.2
0.8,21,120,20,3,0.0
0.8,21,120,20,6,0.1
0.8,21,120,20,9,0.3
0.8,21,120,20,12,0.0
0.8,21,150,20,3,0.0
0.8,21,150,20,6,0.7
0.8,21,150,20,9,0.2
0.8,21,150,20,12,0.3
0.8,21,180,20,3,0.1
0.8,21,180,20,6,0.1
0.8,21,180,20,9,0.5
0.8,21,180,20,12,0.0
0.8,21,210,20,3,0.3
0.8,21,210,20,6,0.2
0.8,21,210,20,9,0.2
0.8,21,210,20,12,0.4
0.8,21,240,20,3,0.5
0.8,21,240,20,6,0.5
0.8,21,240,20,9,0.2
0.8,21,240,20,12,0.3
0.8,21,270,20,3,0.2
0.8,21,270,20,6,0.0
0.8,21,270,20,9,0.1
0.8,21,270,20,12,0.2
0.8,21,300,20,3,0.5
0.8,21,300,20,6,0.4
0.8,21,300,20,9,0.0
0.8,21,300,20,12,0.4
0.8,21,330,20,3,0.3
0.8,21,330,20,6,0.3
0.8,21,330,20,9,0.1
0.8,21,330,20,12,0.1
0.8,21,360,20,3,0.2
0.8,21,360,20,6,0.2
0.8,21,360,20,9,0.4
0.8,21,360,20,12,0.4
0.8,28,30,20,3,0.2
0.8,28,30,20,6,0.5
0.8,28,30,20,9,0.2
0.8,28,30,20,12,0.2
0.8,28,60,20,3,0.4
0.8,28,60,20,6,0.3
0.8,28,60,20,9,0.1
0.8,28,60,20,12,0.2
0.8,28,90,20,3,0.0
0.8,28,90,20,6,0.0
0.8,28,90,20,9,0.1
0.8,28,90,20,12,0.1
0.8,28,120,20,3,0.1
0.8,28,120,20,6,0.5
0.8,28,120,20,9,0.4
0.8,28,120,20,12,0.4
0.8,28,150,20,3,0.2
0.8,28,150,20,6,0.4
0.8,28,150,20,9,0.2
0.8,28,150,20,12,0.3
0.8,28,180,20,3,0.4
0.8,28,180,20,6,0.0
0.8,28,180,20,9,0.4
0.8,28,180,20,12,0.5
0.8,28,210,20,3,0.5
0.8,28,210,20,6,0.1
0.8,28,210,20,9,0.1
0.8,28,210,20,12,0.3
0.8,28,240,20,3,0.6
0.8,28,240,20,6,0.2
0.8,28,240,20,9,0.5
0.8,28,240,20,12,0.3
0.8,28,270,20,3,0.5
0.8,28,270,20,6,0.0
0.8,28,270,20,9,0.5
0.8,28,270,20,12,0.1
0.8,28,300,20,3,0.6
0.8,28,300,20,6,0.2
0.8,28,300,20,9,0.0
0.8,28,300,20,12,0.4
0.8,28,330,20,3,0.2
0.8,28,330,20,6,0.3
0.8,28,330,20,9,0.0
0.8,28,330,20,12,0.2
0.8,28,360,20,3,0.1
0.8,28,360,20,6,0.6
0.8,28,360,20,9,0.3
0.8,28,360,20,12,0.1
0.9,7,30,20,3,0.2
0.9,7,30,20,6,0.5
0.9,7,30,20,9,0.6
0.9,7,30,20,12,0.0
0.9,7,60,20,3,0.0
0.9,7,60,20,6,0.1
0.9,7,60,20,9,0.5
0.9,7,60,20,12,0.4
0.9,7,90,20,3,0.0
0.9,7,90,20,6,0.5
0.9,7,90,20,9,0.2
0.9,7,90,20,12,0.1
0.9,7,120,20,3,0.5
0.9,7,120,20,6,0.0
0.9,7,120,20,9,0.4
0.9,7,120,20,12,0.2
0.9,7,150,20,3,0.1
0.9,7,150,20,6,0.2
0.9,7,150,20,9,0.2
0.9,7,150,20,12,0.2
0.9,7,180,20,3,0.0
0.9,7,180,20,6,0.6
0.9,7,180,20,9,0.4
0.9,7,180,20,12,0.6
0.9,7,210,20,3,0.3
0.9,7,210,20,6,0.1
0.9,7,210,20,9,0.5
0.9,7,210,20,12,0.7
0.9,7,240,20,3,0.2
0.9,7,240,20,6,0.1
0.9,7,240,20,9,0.5
0.9,7,240,20,12,0.3
0.9,7,270,20,3,0.5
0.9,7,270,20,6,0.0
0.9,7,270,20,9,0.0
0.9,7,270,20,12,0.2
0.9,7,300,20,3,0.2
0.9,7,300,20,6,0.3
0.9,7,300,20,9,0.1
0.9,7,300,20,12,0.6
0.9,7,330,20,3,0.6
0.9,7,330,20,6,0.6
0.9,7,330,20,9,0.8
0.9,7,330,20,12,0.0
0.9,7,360,20,3,0.6
0.9,7,360,20,6,0.0
0.9,7,360,20,9,0.6
0.9,7,360,20,12,0.3
0.9,14,30,20,3,0.4
0.9,14,30,20,6,0.6
0.9,14,30,20,9,0.0
0.9,14,30,20,12,0.1
0.9,14,60,20,3,0.1
0.9,14,60,20,6,0.6
0.9,14,60,20,9,0.2
0.9,14,60,20,12,0.2
0.9,14,90,20,3,0.1
0.9,14,90,20,6,0.1
0.9,14,90,20,9,0.2
0.9,14,90,20,12,0.3
0.9,14,120,20,3,0.0
0.9,14,120,20,6,0.4
0.9,14,120,20,9,0.6
0.9,14,120,20,12,0.4
0.9,14,150,20,3,0.1
0.9,14,150,20,6,0.0
0.9,14,150,20,9,0.2
0.9,14,150,20,12,0.3
0.9,14,180,20,3,0.3
0.9,14,180,20,6,0.1
0.9,14,180,20,9,0.3
0.9,14,180,20,12,0.1
0.9,14,210,20,3,0.7
0.9,14,210,20,6,0.4
0.9,14,210,20,9,0.3
0.9,14,210,20,12,0.0
0.9,14,240,20,3,0.3
0.9,14,240,20,6,0.6
0.9,14,240,20,9,0.5
0.9,14,240,20,12,0.1
0.9,14,270,20,3,0.1
0.9,14,270,20,6,0.7
0.9,14,270,20,9,0.1
0.9,14,270,20,12,0.3
0.9,14,300,20,3,0.4
0.9,14,300,20,6,0.6
0.9,14,300,20,9,0.5
0.9,14,300,20,12,0.7
0.9,14,330,20,3,0.0
0.9,14,330,20,6,0.1
0.9,14,330,20,9,0.5
0.9,14,330,20,12,0.2
0.9,14,360,20,3,0.2
0.9,14,360,20,6,0.4
0.9,14,360,20,9,0.2
0.9,14,360,20,12,0.3
0.9,21,30,20,3,0.0
0.9,21,30,20,6,0.0
0.9,21,30,20,9,0.2
0.9,21,30,20,12,0.3
0.9,21,60,20,3,0.1
0.9,21,60,20,6,0.4
0.9,21,60,20,9,0.3
0.9,21,60,20,12,0.4
0.9,21,90,20,3,0.2
0.9,21,90,20,6,0.0
0.9,21,90,20,9,0.4
0.9,21,90,20,12,0.8
0.9,21,120,20,3,0.3
0.9,21,120,20,6,0.1
0.9,21,120,20,9,0.1
0.9,21,120,20,12,0.6
0.9,21,150,20,3,0.4
0.9,21,150,20,6,0.0
0.9,21,150,20,9,0.5
0.9,21,150,20,12,0.2
0.9,21,180,20,3,0.3
0.9,21,180,20,6,0.5
0.9,21,180,20,9,0.3
0.9,21,180,20,12,0.2
0.9,21,210,20,3,0.1
0.9,21,210,20,6,0.1
0.9,21,210,20,9,0.5
0.9,21,210,20,12,0.1
0.9,21,240,20,3,0.5
0.9,21,240,20,6,0.1
0.9,21,240,20,9,0.2
0.9,21,240,20,12,0.5
0.9,21,270,20,3,0.1
0.9,21,270,20,6,0.1
0.9,21,270,20,9,0.1
0.9,21,270,20,12,0.2
0.9,21,300,20,3,0.5
0.9,21,300,20,6,0.6
0.9,21,300,20,9,0.6
0.9,21,300,20,12,0.4
0.9,21,330,20,3,0.6
0.9,21,330,20,6,0.1
0.9,21,330,20,9,0.2
0.9,21,330,20,12,0.1
0.9,21,360,20,3,0.2
0.9,21,360,20,6,0.1
0.9,21,360,20,9,0.2
0.9,21,360,20,12,0.0
0.9,28,30,20,3,0.4
0.9,28,30,20,6,0.0
0.9,28,30,20,9,0.2
0.9,28,30,20,12,0.3
0.9,28,60,20,3,0.1
0.9,28,60,20,6,0.0
0.9,28,60,20,9,0.3
0.9,28,60,20,12,0.5
0.9,28,90,20,3,0.2
0.9,28,90,20,6,0.1
0.9,28,90,20,9,0.3
0.9,28,90,20,12,0.3
0.9,28,120,20,3,0.2
0.9,28,120,20,6,0.4
0.9,28,120,20,9,0.4
0.9,28,120,20,12,0.0
0.9,28,150,20,3,0.0
0.9,28,150,20,6,0.2
0.9,28,150,20,9,0.1
0.9,28,150,20,12,0.0
0.9,28,180,20,3,0.3
0.9,28,180,20,6,0.2
0.9,28,180,20,9,0.1
0.9,28,180,20,12,0.3
0.9,28,210,20,3,0.5
0.9,28,210,20,6,0.4
0.9,28,210,20,9,0.2
0.9,28,210,20,12,0.8
0.9,28,240,20,3,0.0
0.9,28,240,20,6,0.5
0.9,28,240,20,9,0.5
0.9,28,240,20,12,0.3
0.9,28,270,20,3,0.1
0.9,28,270,20,6,0.1
0.9,28,270,20,9,0.0
0.9,28,270,20,12,0.0
0.9,28,300,20,3,0.1
0.9,28,300,20,6,0.0
0.9,28,300,20,9,0.2
0.9,28,300,20,12,0.3
0.9,28,330,20,3,0.2
0.9,28,330,20,6,0.1
0.9,28,330,20,9,0.1
0.9,28,330,20,12,0.6
0.9,28,360,20,3,0.4
0.9,28,360,20,6,0.5
0.9,28,360,20,9,0.0
0.9,28,360,20,12,0.1
1.0,7,30,20,3,0.0
1.0,7,30,20,6,0.2
1.0,7,30,20,9,0.6
1.0,7,30,20,12,0.5
1.0,7,60,20,3,0.0
1.0,7,60,20,6,0.0
1.0,7,60,20,9,0.0
1.0,7,60,20,12,0.3
1.0,7,90,20,3,0.5
1.0,7,90,20,6,0.0
1.0,7,90,20,9,0.5
1.0,7,90,20,12,0.2
1.0,7,120,20,3,0.8
1.0,7,120,20,6,0.1
1.0,7,120,20,9,0.1
1.0,7,120,20,12,0.3
1.0,7,150,20,3,0.1
1.0,7,150,20,6,0.1
1.0,7,150,20,9,0.4
1.0,7,150,20,12,0.4
1.0,7,180,20,3,0.5
1.0,7,180,20,6,0.4
1.0,7,180,20,9,0.2
1.0,7,180,20,12,0.5
1.0,7,210,20,3,0.1
1.0,7,210,20,6,0.1
1.0,7,210,20,9,0.1
1.0,7,210,20,12,0.2
1.0,7,240,20,3,0.0
1.0,7,240,20,6,0.7
1.0,7,240,20,9,0.1
1.0,7,240,20,12,0.4
1.0,7,270,20,3,0.7
1.0,7,270,20,6,0.4
1.0,7,270,20,9,0.3
1.0,7,270,20,12,0.6
1.0,7,300,20,3,0.3
1.0,7,300,20,6,0.3
1.0,7,300,20,9,0.3
1.0,7,300,20,12,0.7
1.0,7,330,20,3,0.7
1.0,7,330,20,6,0.4
1.0,7,330,20,9,0.2
1.0,7,330,20,12,0.2
1.0,7,360,20,3,0.0
1.0,7,360,20,6,0.3
1.0,7,360,20,9,0.0
1.0,7,360,20,12,0.2
1.0,14,30,20,3,0.4
1.0,14,30,20,6,0.3
1.0,14,30,20,9,0.0
1.0,14,30,20,12,0.0
1.0,14,60,20,3,0.4
1.0,14,60,20,6,0.1
1.0,14,60,20,9,0.4
1.0,14,60,20,12,0.7
1.0,14,90,20,3,0.3
1.0,14,90,20,6,0.2
1.0,14,90,20,9,0.4
1.0,14,90,20,12,0.1
1.0,14,120,20,3,0.4
1.0,14,120,20,6,0.2
1.0,14,120,20,9,0.0
1.0,14,120,20,12,0.1
1.0,14,150,20,3,0.0
1.0,14,150,20,6,0.3
1.0,14,150,20,9,0.3
1.0,14,150,20,12,0.4
1.0,14,180,20,3,0.1
1.0,14,180,20,6,0.0
1.0,14,180,20,9,0.0
1.0,14,180,20,12,0.4
1.0,14,210,20,3,0.1
1.0,14,210,20,6,0.1
1.0,14,210,20,9,0.1
1.0,14,210,20,12,0.0
1.0,14,240,20,3,0.5
1.0,14,240,20,6,0.0
1.0,14,240,20,9,0.5
1.0,14,240,20,12,0.1
1.0,14,270,20,3,0.0
1.0,14,270,20,6,0.3
1.0,14,270,20,9,0.1
1.0,14,270,20,12,0.2
1.0,14,300,20,3,0.1
1.0,14,300,20,6,0.0
1.0,14,300,20,9,0.5
1.0,14,300,20,12,0.1
1.0,14,330,20,3,0.3
1.0,14,330,20,6,0.9
1.0,14,330,20,9,0.1
1.0,14,330,20,12,0.4
1.0,14,360,20,3,0.6
1.0,14,360,20,6,0.4
1.0,14,360,20,9,0.3
1.0,14,360,20,12,0.3
1.0,21,30,20,3,0.0
1.0,21,30,20,6,0.1
1.0,21,30,20,9,0.2
1.0,21,30,20,12,0.0
1.0,21,60,20,3,0.3
1.0,21,60,20,6,0.0
1.0,21,60,20,9,0.0
1.0,21,60,20,12,0.1
1.0,21,90,20,3,0.2
1.0,21,90,20,6,0.1
1.0,21,90,20,9,0.5
1.0,21,90,20,12,0.3
1.0,21,120,20,3,0.1
1.0,21,120,20,6,0.2
1.0,21,120,20,9,0.2
1.0,21,120,20,12,0.4
1.0,21,150,20,3,0.1
1.0,21,150,20,6,0.3
1.0,21,150,20,9,0.5
1.0,21,150,20,12,0.7
1.0,21,180,20,3,0.3
1.0,21,180,20,6,0.1
1.0,21,180,20,9,0.4
1.0,21,180,20,12,0.5
1.0,21,210,20,3,0.1
1.0,21,210,20,6,0.4
1.0,21,210,20,9,0.4
1.0,21,210,20,12,0.2
1.0,21,240,20,3,0.4
1.0,21,240,20,6,0.9
1.0,21,240,20,9,0.0
1.0,21,240,20,12,0.0
1.0,21,270,20,3,0.3
1.0,21,270,20,6,0.3
1.0,21,270,20,9,0.1
1.0,21,270,20,12,0.3
1.0,21,300,20,3,0.4
1.0,21,300,20,6,0.8
1.0,21,300,20,9,0.0
1.0,21,300,20,12,0.0
1.0,21,330,20,3,0.0
1.0,21,330,20,6,0.0
1.0,21,330,20,9,0.6
1.0,21,330,20,12,0.3
1.0,21,360,20,3,0.2
1.0,21,360,20,6,0.4
1.0,21,360,20,9,0.1
1.0,21,360,20,12,0.5
1.0,28,30,20,3,0.3
1.0,28,30,20,6,0.2
1.0,28,30,20,9,0.3
1.0,28,30,20,12,0.7
1.0,28,60,20,3,0.2
1.0,28,60,20,6,0.4
1.0,28,60,20,9,0.1
1.0,28,60,20,12,0.3
1.0,28,90,20,3,0.0
1.0,28,90,20,6,0.1
1.0,28,90,20,9,0.1
1.0,28,90,20,12,0.4
1.0,28,120,20,3,0.3
1.0,28,120,20,6,0.4
1.0,28,120,20,9,0.6
1.0,28,120,20,12,0.0
1.0,28,150,20,3,0.2
1.0,28,150,20,6,0.6
1.0,28,150,20,9,0.6
1.0,28,150,20,12,0.2
1.0,28,180,20,3,0.7
1.0,28,180,20,6,0.0
1.0,28,180,20,9,0.3
1.0,28,180,20,12,0.1
1.0,28,210,20,3,0.2
1.0,28,210,20,6,0.0
1.0,28,210,20,9,0.0
1.0,28,210,20,12,0.1
1.0,28,240,20,3,0.0
1.0,28,240,20,6,0.0
1.0,28,240,20,9,0.2
1.0,28,240,20,12,0.2
1.0,28,270,20,3,0.1
1.0,28,270,20,6,0.1
1.0,28,270,20,9,0.2
1.0,28,270,20,12,0.3
1.0,28,300,20,3,0.2
1.0,28,300,20,6,0.0
1.0,28,300,20,9,0.0
1.0,28,300,20,12,0.3
1.0,28,330,20,3,0.0
1.0,28,330,20,6,0.4
1.0,28,330,20,9,0.0
1.0,28,330,20,12,0.8
1.0,28,360,20,3,0.1
1.0,28,360,20,6,0.4
1.0,28,360,20,9,0.6
1.0,28,360,20,12,0.3
1.1,7,30,20,3,0.2
1.1,7,30,20,6,0.0
1.1,7,30,20,9,0.2
1.1,7,30,20,12,0.7
1.1,7,60,20,3,0.1
1.1,7,60,20,6,0.6
1.1,7,60,20,9,0.0
1.1,7,60,20,12,0.2
1.1,7,90,20,3,0.1
1.1,7,90,20,6,0.5
1.1,7,90,20,9,0.1
1.1,7,90,20,12,0.4
1.1,7,120,20,3,0.0
1.1,7,120,20,6,0.2
1.1,7,120,20,9,0.2
1.1,7,120,20,12,0.1
1.1,7,150,20,3,0.2
1.1,7,150,20,6,0.4
1.1,7,150,20,9,0.4
1.1,7,150,20,12,0.5
1.1,7,180,20,3,0.6
1.1,7,180,20,6,0.3
1.1,7,180,20,9,0.2
1.1,7,180,20,12,0.1
1.1,7,210,20,3,0.2
1.1,7,210,20,6,0.0
1.1,7,210,20,9,0.0
1.1,7,210,20,12,0.0
1.1,7,240,20,3,0.0
1.1,7,240,20,6,0.6
1.1,7,240,20,9,0.3
1.1,7,240,20,12,0.2
1.1,7,270,20,3,0.2
1.1,7,270,20,6,0.4
1.1,7,270,20,9,0.5
1.1,7,270,20,12,0.7
1.1,7,300,20,3,0.3
1.1,7,300,20,6,0.0
1.1,7,300,20,9,0.3
1.1,7,300,20,12,0.2
1.1,7,330,20,3,0.2
1.1,7,330,20,6,0.7
1.1,7,330,20,9,0.1
1.1,7,330,20,12,0.6
1.1,7,360,20,3,0.1
1.1,7,360,20,6,0.4
1.1,7,360,20,9,0.4
1.1,7,360,20,12,0.3
1.1,14,30,20,3,0.1
1.1,14,30,20,6,0.1
1.1,14,30,20,9,0.5
1.1,14,30,20,12,0.4
1.1,14,60,20,3,0.4
1.1,14,60,20,6,0.2
1.1,14,60,20,9,0.1
1.1,14,60,20,12,0.0
1.1,14,90,20,3,0.1
1.1,14,90,20,6,0.0
1.1,14,90,20,9,0.3
1.1,14,90,20,12,0.6
1.1,14,120,20,3,0.3
1.1,14,120,20,6,0.6
1.1,14,120,20,9,0.4
1.1,14,120,20,12,0.5
1.1,14,150,20,3,0.2
1.1,14,150,20,6,0.2
1.1,14,150,20,9,0.5
1.1,14,150,20,12,0.2
1.1,14,180,20,3,0.7
1.1,14,180,20,6,0.6
1.1,14,180,20,9,0.4
1.1,14,180,20,12,0.3
1.1,14,210,20,3,0.0
1.1,14,210,20,6,0.0
1.1,14,210,20,9,0.1
1.1,14,210,20,12,0.1
1.1,14,240,20,3,0.4
1.1,14,240,20,6,0.3
1.1,14,240,20,9,0.3
1.1,14,240,20,12,0.0
1.1,14,270,20,3,0.4
1.1,14,270,20,6,0.6
1.1,14,270,20,9,0.4
1.1,14,270,20,12,0.7
1.1,14,300,20,3,0.1
1.1,14,300,20,6,0.8
1.1,14,300,20,9,0.1
1.1,14,300,20,12,0.1
1.1,14,330,20,3,0.2
1.1,14,330,20,6,0.0
1.1,14,330,20,9,0.3
1.1,14,330,20,12,0.0
1.1,14,360,20,3,0.6
1.1,14,360,20,6,0.0
1.1,14,360,20,9,0.2
1.1,14,360,20,12,0.3
1.1,21,30,20,3,0.0
1.1,21,30,20,6,0.1
1.1,21,30,20,9,0.1
1.1,21,30,20,12,0.0
1.1,21,60,20,3,0.1
1.1,21,60,20,6,0.2
1.1,21,60,20,9,0.2
1.1,21,60,20,12,0.6
1.1,21,90,20,3,0.2
1.1,21,90,20,6,0.1
1.1,21,90,20,9,0.2
1.1,21,90,20,12,0.2
1.1,21,120,20,3,0.1
1.1,21,120,20,6,0.1
1.1,21,120,20,9,0.0
1.1,21,120,20,12,0.2
1.1,21,150,20,3,0.5
1.1,21,150,20,6,0.5
1.1,21,150,20,9,0.4
1.1,21,150,20,12,0.3
1.1,21,180,20,3,0.2
1.1,21,180,20,6,0.2
1.1,21,180,20,9,0.1
1.1,21,180,20,12,0.4
1.1,21,210,20,3,0.3
1.1,21,210,20,6,0.1
1.1,21,210,20,9,0.1
1.1,21,210,20,12,0.1
1.1,21,240,20,3,0.0
1.1,21,240,20,6,0.0
1.1,21,240,20,9,0.0
1.1,21,240,20,12,0.2
1.1,21,270,20,3,0.3
1.1,21,270,20,6,0.2
1.1,21,270,20,9,0.4
1.1,21,270,20,12,0.5
1.1,21,300,20,3,0.1
1.1,21,300,20,6,0.4
1.1,21,300,20,9,0.3
1.1,21,300,20,12,0.0
1.1,21,330,20,3,0.2
1.1,21,330,20,6,0.2
1.1,21,330,20,9,0.1
1.1,21,330,20,12,0.2
1.1,21,360,20,3,0.2
1.1,21,360,20,6,0.1
1.1,21,360,20,9,0.5
1.1,21,360,20,12,0.3
1.1,28,30,20,3,0.1
1.1,28,30,20,6,0.1
1.1,28,30,20,9,0.3
1.1,28,30,20,12,0.4
1.1,28,60,20,3,0.1
1.1,28,60,20,6,0.2
1.1,28,60,20,9,0.5
1.1,28,60,20,12,0.4
1.1,28,90,20,3,0.1
1.1,28,90,20,6,0.0
1.1,28,90,20,9,0.0
1.1,28,90,20,12,0.2
1.1,28,120,20,3,0.3
1.1,28,120,20,6,0.5
1.1,28,120,20,9,0.4
1.1,28,120,20,12,0.2
1.1,28,150,20,3,0.3
1.1,28,150,20,6,0.1
1.1,28,150,20,9,0.1
1.1,28,150,20,12,0.2
1.1,28,180,20,3,0.0
1.1,28,180,20,6,0.0
1.1,28,180,20,9,0.5
1.1,28,180,20,12,0.1
1.1,28,210,20,3,0.1
1.1,28,210,20,6,0.3
1.1,28,210,20,9,0.4
1.1,28,210,20,12,0.0
1.1,28,240,20,3,0.5
1.1,28,240,20,6,0.1
1.1,28,240,20,9,0.4
1.1,28,240,20,12,0.3
1.1,28,270,20,3,0.4
1.1,28,270,20,6,0.4
1.1,28,270,20,9,0.7
1.1,28,270,20,12,0.3
1.1,28,300,20,3,0.4
1.1,28,300,20,6,0.5
1.1,28,300,20,9,0.2
1.1,28,300,20,12,0.3
1.1,28,330,20,3,0.1
1.1,28,330,20,6,0.3
1.1,28,330,20,9,0.6
1.1,28,330,20,12,0.0
1.1,28,360,20,3,0.0
1.1,28,360,20,6,0.3
1.1,28,360,20,9,0.9
1.1,28,360,20,12,0.2
1.2000000000000002,7,30,20,3,0.4
1.2000000000000002,7,30,20,6,0.2
1.2000000000000002,7,30,20,9,0.3
1.2000000000000002,7,30,20,12,0.2
1.2000000000000002,7,60,20,3,0.4
1.2000000000000002,7,60,20,6,0.8
1.2000000000000002,7,60,20,9,0.2
1.2000000000000002,7,60,20,12,0.1
1.2000000000000002,7,90,20,3,0.1
1.2000000000000002,7,90,20,6,0.5
1.2000000000000002,7,90,20,9,0.3
1.2000000000000002,7,90,20,12,0.3
1.2000000000000002,7,120,20,3,0.2
1.2000000000000002,7,120,20,6,0.2
1.2000000000000002,7,120,20,9,0.2
1.2000000000000002,7,120,20,12,0.0
1.2000000000000002,7,150,20,3,0.3
1.2000000000000002,7,150,20,6,0.3
1.2000000000000002,7,150,20,9,0.0
1.2000000000000002,7,150,20,12,0.6
1.2000000000000002,7,180,20,3,0.3
1.2000000000000002,7,180,20,6,0.1
1.2000000000000002,7,180,20,9,0.3
1.2000000000000002,7,180,20,12,0.1
1.2000000000000002,7,210,20,3,0.1
1.2000000000000002,7,210,20,6,0.3
1.2000000000000002,7,210,20,9,0.2
1.2000000000000002,7,210,20,12,0.1
1.2000000000000002,7,240,20,3,0.0
1.2000000000000002,7,240,20,6,0.1
1.2000000000000002,7,240,20,9,0.2
1.2000000000000002,7,240,20,12,0.4
1.2000000000000002,7,270,20,3,0.3
1.2000000000000002,7,270,20,6,0.4
1.2000000000000002,7,270,20,9,0.2
1.2000000000000002,7,270,20,12,0.5
1.2000000000000002,7,300,20,3,0.5
1.2000000000000002,7,300,20,6,0.0
1.2000000000000002,7,300,20,9,0.1
1.2000000000000002,7,300,20,12,0.3
1.2000000000000002,7,330,20,3,0.1
1.2000000000000002,7,330,20,6,0.3
1.2000000000000002,7,330,20,9,0.4
1.2000000000000002,7,330,20,12,0.4
1.2000000000000002,7,360,20,3,0.4
1.2000000000000002,7,360,20,6,0.4
1.2000000000000002,7,360,20,9,0.3
1.2000000000000002,7,360,20,12,0.4
1.2000000000000002,14,30,20,3,0.3
1.2000000000000002,14,30,20,6,0.1
1.2000000000000002,14,30,20,9,0.2
1.2000000000000002,14,30,20,12,0.1
1.2000000000000002,14,60,20,3,0.1
1.2000000000000002,14,60,20,6,0.1
1.2000000000000002,14,60,20,9,0.3
1.2000000000000002,14,60,20,12,0.1
1.2000000000000002,14,90,20,3,0.5
1.2000000000000002,14,90,20,6,0.0
1.2000000000000002,14,90,20,9,0.7
1.2000000000000002,14,90,20,12,0.2
1.2000000000000002,14,120,20,3,0.2
1.2000000000000002,14,120,20,6,0.1
1.2000000000000002,14,120,20,9,0.4
1.2000000000000002,14,120,20,12,0.1
1.2000000000000002,14,150,20,3,0.0
1.2000000000000002,14,150,20,6,0.2
1.2000000000000002,14,150,20,9,0.2
1.2000000000000002,14,150,20,12,0.4
1.2000000000000002,14,180,20,3,0.3
1.2000000000000002,14,180,20,6,0.1
1.2000000000000002,14,180,20,9,0.1
1.2000000000000002,14,180,20,12,0.3
1.2000000000000002,14,210,20,3,0.3
1.2000000000000002,14,210,20,6,0.0
1.2000000000000002,14,210,20,9,0.1
1.2000000000000002,14,210,20,12,0.5
1.2000000000000002,14,240,20,3,0.4
1.2000000000000002,14,240,20,6,0.0
1.2000000000000002,14,240,20,9,0.0
1.2000000000000002,14,240,20,12,0.2
1.2000000000000002,14,270,20,3,0.3
1.2000000000000002,14,270,20,6,0.9
1.2000000000000002,14,270,20,9,0.4
1.2000000000000002,14,270,20,12,0.0
1.2000000000000002,14,300,20,3,0.2
1.2000000000000002,14,300,20,6,0.2
1.2000000000000002,14,300,20,9,0.4
1.2000000000000002,14,300,20,12,0.5
1.2000000000000002,14,330,20,3,0.1
1.2000000000000002,14,330,20,6,0.6
1.2000000000000002,14,330,20,9,0.0
1.2000000000000002,14,330,20,12,0.7
1.2000000000000002,14,360,20,3,0.4
1.2000000000000002,14,360,20,6,0.5
1.2000000000000002,14,360,20,9,0.3
1.2000000000000002,14,360,20,12,0.2
1.2000000000000002,21,30,20,3,0.1
1.2000000000000002,21,30,20,6,0.1
1.2000000000000002,21,30,20,9,0.1
1.2000000000000002,21,30,20,12,0.7
1.2000000000000002,21,60,20,3,0.5
1.2000000000000002,21,60,20,6,0.0
1.2000000000000002,21,60,20,9,0.0
1.2000000000000002,21,60,20,12,0.1
1.2000000000000002,21,90,20,3,0.1
1.2000000000000002,21,90,20,6,0.4
1.2000000000000002,21,90,20,9,0.0
1.2000000000000002,21,90,20,12,0.4
1.2000000000000002,21,120,20,3,0.0
1.2000000000000002,21,120,20,6,0.5
1.2000000000000002,21,120,20,9,0.4
1.2000000000000002,21,120,20,12,0.5
1.2000000000000002,21,150,20,3,0.2
1.2000000000000002,21,150,20,6,0.3
1.2000000000000002,21,150,20,9,0.1
1.2000000000000002,21,150,20,12,0.4
1.2000000000000002,21,180,20,3,0.4
1.2000000000000002,21,180,20,6,0.0
1.2000000000000002,21,180,20,9,0.4
1.2000000000000002,21,180,20,12,0.1
1.2000000000000002,21,210,20,3,0.5
1.2000000000000002,21,210,20,6,0.2
1.2000000000000002,21,210,20,9,0.0
1.2000000000000002,21,210,20,12,0.4
1.2000000000000002,21,240,20,3,0.3
1.2000000000000002,21,240,20,6,0.4
1.2000000000000002,21,240,20,9,0.1
1.2000000000000002,21,240,20,12,0.1
1.2000000000000002,21,270,20,3,0.0
1.2000000000000002,21,270,20,6,0.0
1.2000000000000002,21,270,20,9,0.1
1.2000000000000002,21,270,20,12,0.0
1.2000000000000002,21,300,20,3,0.4
1.2000000000000002,21,300,20,6,0.8
1.2000000000000002,21,300,20,9,0.2
1.2000000000000002,21,300,20,12,0.7
1.2000000000000002,21,330,20,3,0.6
1.2000000000000002,21,330,20,6,0.1
1.2000000000000002,21,330,20,9,0.5
1.2000000000000002,21,330,20,12,0.3
1.2000000000000002,21,360,20,3,0.1
1.2000000000000002,21,360,20,6,0.2
1.2000000000000002,21,360,20,9,0.6
1.2000000000000002,21,360,20,12,0.6
1.2000000000000002,28,30,20,3,0.1
1.2000000000000002,28,30,20,6,0.2
1.2000000000000002,28,30,20,9,0.0
1.2000000000000002,28,30,20,12,0.5
1.2000000000000002,28,60,20,3,0.3
1.2000000000000002,28,60,20,6,0.2
1.2000000000000002,28,60,20,9,0.5
1.2000000000000002,28,60,20,12,0.4
1.2000000000000002,28,90,20,3,0.2
1.2000000000000002,28,90,20,6,0.1
1.2000000000000002,28,90,20,9,0.3
1.2000000000000002,28,90,20,12,0.2
1.2000000000000002,28,120,20,3,0.2
1.2000000000000002,28,120,20,6,0.0
1.2000000000000002,28,120,20,9,0.7
1.2000000000000002,28,120,20,12,0.0
1.2000000000000002,28,150,20,3,0.0
1.2000000000000002,28,150,20,6,0.4
1.2000000000000002,28,150,20,9,0.2
1.2000000000000002,28,150,20,12,0.6
1.2000000000000002,28,180,20,3,0.1
1.2000000000000002,28,180,20,6,0.4
1.2000000000000002,28,180,20,9,0.2
1.2000000000000002,28,180,20,12,0.1
1.2000000000000002,28,210,20,3,0.0
1.2000000000000002,28,210,20,6,0.2
1.2000000000000002,28,210,20,9,0.4
1.2000000000000002,28,210,20,12,0.4
1.2000000000000002,28,240,20,3,0.2
1.2000000000000002,28,240,20,6,0.0
1.2000000000000002,28,240,20,9,0.1
1.2000000000000002,28,240,20,12,0.2
1.2000000000000002,28,270,20,3,0.1
1.2000000000000002,28,270,20,6,0.0
1.2000000000000002,28,270,20,9,0.3
1.2000000000000002,28,270,20,12,0.6
1.2000000000000002,28,300,20,3,0.3
1.2000000000000002,28,300,20,6,0.3
1.2000000000000002,28,300,20,9,0.0
1.2000000000000002,28,300,20,12,0.2
1.2000000000000002,28,330,20,3,0.7
1.2000000000000002,28,330,20,6,0.3
1.2000000000000002,28,330,20,9,0.3
1.2000000000000002,28,330,20,12,0.0
1.2000000000000002,28,360,20,3,0.3
1.2000000000000002,28,360,20,6,0.3
1.2000000000000002,28,360,20,9,0.5
1.2000000000000002,28,360,20,12,0.0
1.3,7,30,20,3,0.1
1.3,7,30,20,6,0.7
1.3,7,30,20,9,0.3
1.3,7,30,20,12,0.1
1.3,7,60,20,3,0.3
1.3,7,60,20,6,0.1
1.3,7,60,20,9,0.5
1.3,7,60,20,12,0.7
1.3,7,90,20,3,0.0
1.3,7,90,20,6,0.3
1.3,7,90,20,9,0.3
1.3,7,90,20,12,0.7
1.3,7,120,20,3,0.2
1.3,7,120,20,6,0.3
1.3,7,120,20,9,0.2
1.3,7,120,20,12,0.2
1.3,7,150,20,3,0.6
1.3,7,150,20,6,0.0
1.3,7,150,20,9,0.1
1.3,7,150,20,12,0.6
1.3,7,180,20,3,0.8
1.3,7,180,20,6,0.2
1.3,7,180,20,9,0.0
1.3,7,180,20,12,0.7
1.3,7,210,20,3,0.3
1.3,7,210,20,6,0.3
1.3,7,210,20,9,0.1
1.3,7,210,20,12,0.6
1.3,7,240,20,3,0.4
1.3,7,240,20,6,0.3
1.3,7,240,20,9,0.6
1.3,7,240,20,12,0.8
1.3,7,270,20,3,0.1
1.3,7,270,20,6,0.0
1.3,7,270,20,9,0.3
1.3,7,270,20,12,0.3
1.3,7,300,20,3,0.4
1.3,7,300,20,6,0.3
1.3,7,300,20,9,0.3
1.3,7,300,20,12,0.4
1.3,7,330,20,3,0.3
1.3,7,330,20,6,0.4
1.3,7,330,20,9,0.0
1.3,7,330,20,12,0.0
1.3,7,360,20,3,0.6
1.3,7,360,20,6,0.4
1.3,7,360,20,9,0.5
1.3,7,360,20,12,0.4
1.3,14,30,20,3,0.0
1.3,14,30,20,6,0.4
1.3,14,30,20,9,0.0
1.3,14,30,20,12,0.8
1.3,14,60,20,3,0.1
1.3,14,60,20,6,0.1
1.3,14,60,20,9,0.3
1.3,14,60,20,12,0.7
1.3,14,90,20,3,0.1
1.3,14,90,20,6,0.2
1.3,14,90,20,9,0.8
1.3,14,90,20,12,0.3
1.3,14,120,20,3,0.0
1.3,14,120,20,6,0.4
1.3,14,120,20,9,0.4
1.3,14,120,20,12,0.2
1.3,14,150,20,3,0.2
1.3,14,150,20,6,0.3
1.3,14,150,20,9,0.0
1.3,14,150,20,12,0.4
1.3,14,180,20,3,0.2
1.3,14,180,20,6,0.4
1.3,14,180,20,9,0.2
1.3,14,180,20,12,0.3
1.3,14,210,20,3,0.0
1.3,14,210,20,6,0.3
1.3,14,210,20,9,0.0
1.3,14,210,20,12,0.1
1.3,14,240,20,3,0.8
1.3,14,240,20,6,0.5
1.3,14,240,20,9,0.1
1.3,14,240,20,12,0.2
1.3,14,270,20,3,0.3
1.3,14,270,20,6,0.4
1.3,14,270,20,9,0.5
1.3,14,270,20,12,0.1
1.3,14,300,20,3,0.2
1.3,14,300,20,6,0.0
1.3,14,300,20,9,0.2
1.3,14,300,20,12,0.0
1.3,14,330,20,3,0.5
1.3,14,330,20,6,0.2
1.3,14,330,20,9,0.1
1.3,14,330,20,12,0.5
1.3,14,360,20,3,0.0
1.3,14,360,20,6,0.1
1.3,14,360,20,9,0.3
1.3,14,360,20,12,0.0
1.3,21,30,20,3,0.0
1.3,21,30,20,6,0.6
1.3,21,30,20,9,0.3
1.3,21,30,20,12,0.1
1.3,21,60,20,3,0.0
1.3,21,60,20,6,0.0
1.3,21,60,20,9,0.1
1.3,21,60,20,12,0.0
1.3,21,90,20,3,0.5
1.3,21,90,20,6,0.0
1.3,21,90,20,9,0.0
1.3,21,90,20,12,0.0
1.3,21,120,20,3,0.3
1.3,21,120,20,6,0.5
1.3,21,120,20,9,0.5
1.3,21,120,20,12,0.0
1.3,21,150,20,3,0.0
1.3,21,150,20,6,0.3
1.3,21,150,20,9,0.2
1.3,21,150,20,12,0.2
1.3,21,180,20,3,0.1
1.3,21,180,20,6,0.0
1.3,21,180,20,9,0.1
1.3,21,180,20,12,0.0
1.3,21,210,20,3,0.0
1.3,21,210,20,6,0.2
1.3,21,210,20,9,0.3
1.3,21,210,20,12,0.4
1.3,21,240,20,3,0.4
1.3,21,240,20,6,0.3
1.3,21,240,20,9,0.0
1.3,21,240,20,12,0.0
1.3,21,270,20,3,0.1
1.3,21,270,20,6,0.0
1.3,21,270,20,9,0.1
1.3,21,270,20,12,0.0
1.3,21,300,20,3,0.2
1.3,21,300,20,6,0.0
1.3,21,300,20,9,0.6
1.3,21,300,20,12,0.2
1.3,21,330,20,3,0.1
1.3,21,330,20,6,0.3
1.3,21,330,20,9,0.7
1.3,21,330,20,12,0.2
1.3,21,360,20,3,0.1
1.3,21,360,20,6,0.1
1.3,21,360,20,9,0.4
1.3,21,360,20,12,0.0
1.3,28,30,20,3,0.2
1.3,28,30,20,6,0.0
1.3,28,30,20,9,0.2
1.3,28,30,20,12,0.3
1.3,28,60,20,3,0.4
1.3,28,60,20,6,0.1
1.3,28,60,20,9,0.0
1.3,28,60,20,12,0.1
1.3,28,90,20,3,0.1
1.3,28,90,20,6,0.2
1.3,28,90,20,9,0.1
1.3,28,90,20,12,0.0
1.3,28,120,20,3,0.4
1.3,28,120,20,6,0.1
1.3,28,120,20,9,0.0
1.3,28,120,20,12,0.0
1.3,28,150,20,3,0.1
1.3,28,150,20,6,0.0
1.3,28,150,20,9,0.7
1.3,28,150,20,12,0.0
1.3,28,180,20,3,0.0
1.3,28,180,20,6,0.1
1.3,28,180,20,9,0.0
1.3,28,180,20,12,0.5
1.3,28,210,20,3,0.2
1.3,28,210,20,6,0.4
1.3,28,210,20,9,0.3
1.3,28,210,20,12,0.3
1.3,28,240,20,3,0.2
1.3,28,240,20,6,0.2
1.3,28,240,20,9,0.1
1.3,28,240,20,12,0.0
1.3,28,270,20,3,0.3
1.3,28,270,20,6,0.1
1.3,28,270,20,9,0.3
1.3,28,270,20,12,0.3
1.3,28,300,20,3,0.1
1.3,28,300,20,6,0.1
1.3,28,300,20,9,0.5
1.3,28,300,20,12,0.6
1.3,28,330,20,3,0.4
1.3,28,330,20,6,0.0
1.3,28,330,20,9,0.1
1.3,28,330,20,12,0.1
1.3,28,360,20,3,0.0
1.3,28,360,20,6,0.1
1.3,28,360,20,9,0.5
1.3,28,360,20,12,0.0
1.4000000000000001,7,30,20,3,0.1
1.4000000000000001,7,30,20,6,0.1
1.4000000000000001,7,30,20,9,0.6
1.4000000000000001,7,30,20,12,0.2
1.4000000000000001,7,60,20,3,0.4
1.4000000000000001,7,60,20,6,0.1
1.4000000000000001,7,60,20,9,0.5
1.4000000000000001,7,60,20,12,0.5
1.4000000000000001,7,90,20,3,0.1
1.4000000000000001,7,90,20,6,0.0
1.4000000000000001,7,90,20,9,0.2
1.4000000000000001,7,90,20,12,0.0
1.4000000000000001,7,120,20,3,0.2
1.4000000000000001,7,120,20,6,0.5
1.4000000000000001,7,120,20,9,0.4
1.4000000000000001,7,120,20,12,0.4
1.4000000000000001,7,150,20,3,0.2
1.4000000000000001,7,150,20,6,0.0
1.4000000000000001,7,150,20,9,0.3
1.4000000000000001,7,150,20,12,0.3
1.4000000000000001,7,180,20,3,0.1
1.4000000000000001,7,180,20,6,0.2
1.4000000000000001,7,180,20,9,0.2
1.4000000000000001,7,180,20,12,0.4
1.4000000000000001,7,210,20,3,0.0
1.4000000000000001,7,210,20,6,0.3
1.4000000000000001,7,210,20,9,0.0
1.4000000000000001,7,210,20,12,0.2
1.4000000000000001,7,240,20,3,0.3
1.4000000000000001,7,240,20,6,0.5
1.4000000000000001,7,240,20,9,0.7
1.4000000000000001,7,240,20,12,0.0
1.4000000000000001,7,270,20,3,0.1
1.4000000000000001,7,270,20,6,0.0
1.4000000000000001,7,270,20,9,0.0
1.4000000000000001,7,270,20,12,0.9
1.4000000000000001,7,300,20,3,0.9
1.4000000000000001,7,300,20,6,0.0
1.4000000000000001,7,300,20,9,0.3
1.4000000000000001,7,300,20,12,0.6
1.4000000000000001,7,330,20,3,0.0
1.4000000000000001,7,330,20,6,0.5
1.4000000000000001,7,330,20,9,0.2
1.4000000000000001,7,330,20,12,0.2
1.4000000000000001,7,360,20,3,0.7
1.4000000000000001,7,360,20,6,0.2
1.4000000000000001,7,360,20,9,0.4
1.4000000000000001,7,360,20,12,0.2
1.4000000000000001,14,30,20,3,0.0
1.4000000000000001,14,30,20,6,0.3
1.4000000000000001,14,30,20,9,0.0
1.4000000000000001,14,30,20,12,0.4
1.4000000000000001,14,60,20,3,0.0
1.4000000000000001,14,60,20,6,0.1
1.4000000000000001,14,60,20,9,0.2
1.4000000000000001,14,60,20,12,0.0
1.4000000000000001,14,90,20,3,0.1
1.4000000000000001,14,90,20,6,0.0
1.4000000000000001,14,90,20,9,0.6
1.4000000000000001,14,90,20,12,0.5
1.4000000000000001,14,120,20,3,0.1
1.4000000000000001,14,120,20,6,0.4
1.4000000000000001,14,120,20,9,0.3
1.4000000000000001,14,120,20,12,0.4
1.4000000000000001,14,150,20,3,0.1
1.4000000000000001,14,150,20,6,0.1
1.4000000000000001,14,150,20,9,0.0
1.4000000000000001,14,150,20,12,0.3
1.4000000000000001,14,180,20,3,0.5
1.4000000000000001,14,180,20,6,0.5
1.4000000000000001,14,180,20,9,0.2
1.4000000000000001,14,180,20,12,0.3
1.4000000000000001,14,210,20,3,0.1
1.4000000000000001,14,210,20,6,0.5
1.4000000000000001,14,210,20,9,0.3
1.4000000000000001,14,210,20,12,0.3
1.4000000000000001,14,240,20,3,0.3
1.4000000000000001,14,240,20,6,0.3
1.4000000000000001,14,240,20,9,0.5
1.4000000000000001,14,240,20,12,0.1
1.4000000000000001,14,270,20,3,0.3
1.4000000000000001,14,270,20,6,0.8
1.4000000000000001,14,270,20,9,0.0
1.4000000000000001,14,270,20,12,0.4
1.4000000000000001,14,300,20,3,0.1
1.4000000000000001,14,300,20,6,0.3
1.4000000000000001,14,300,20,9,0.6
1.4000000000000001,14,300,20,12,0.2
1.4000000000000001,14,330,20,3,0.5
1.4000000000000001,14,330,20,6,0.3
1.4000000000000001,14,330,20,9,0.1
1.4000000000000001,14,330,20,12,0.4
1.4000000000000001,14,360,20,3,0.6
1.4000000000000001,14,360,20,6,0.3
1.4000000000000001,14,360,20,9,0.5
1.4000000000000001,14,360,20,12,0.3
1.4000000000000001,21,30,20,3,0.6
1.4000000000000001,21,30,20,6,0.3
1.4000000000000001,21,30,20,9,0.2
1.4000000000000001,21,30,20,12,0.2
1.4000000000000001,21,60,20,3,0.2
1.4000000000000001,21,60,20,6,0.1
1.4000000000000001,21,60,20,9,0.0
1.4000000000000001,21,60,20,12,0.1
1.4000000000000001,21,90,20,3,0.0
1.4000000000000001,21,90,20,6,0.0
1.4000000000000001,21,90,20,9,0.1
1.4000000000000001,21,90,20,12,0.3
1.4000000000000001,21,120,20,3,0.2
1.4000000000000001,21,120,20,6,0.1
1.4000000000000001,21,120,20,9,0.4
1.4000000000000001,21,120,20,12,0.5
1.4000000000000001,21,150,20,3,0.0
1.4000000000000001,21,150,20,6,0.3
1.4000000000000001,21,150,20,9,0.3
1.4000000000000001,21,150,20,12,0.0
1.4000000000000001,21,180,20,3,0.3
1.4000000000000001,21,180,20,6,0.2
1.4000000000000001,21,180,20,9,0.1
1.4000000000000001,21,180,20,12,0.3
1.4000000000000001,21,210,20,3,0.7
1.4000000000000001,21,210,20,6,0.3
1.4000000000000001,21,210,20,9,0.1
1.4000000000000001,21,210,20,12,0.2
1.4000000000000001,21,240,20,3,0.0
1.4000000000000001,21,240,20,6,0.3
1.4000000000000001,21,240,20,9,0.2
1.4000000000000001,21,240,20,12,0.7
1.4000000000000001,21,270,20,3,0.3
1.4000000000000001,21,270,20,6,0.3
1.4000000000000001,21,270,20,9,0.1
1.4000000000000001,21,270,20,12,0.3
1.4000000000000001,21,300,20,3,0.6
1.4000000000000001,21,300,20,6,0.1
1.4000000000000001,21,300,20,9,0.7
1.4000000000000001,21,300,20,12,0.2
1.4000000000000001,21,330,20,3,0.2
1.4000000000000001,21,330,20,6,0.1
1.4000000000000001,21,330,20,9,0.3
1.4000000000000001,21,330,20,12,0.1
1.4000000000000001,21,360,20,3,0.1
1.4000000000000001,21,360,20,6,0.0
1.4000000000000001,21,360,20,9,0.4
1.4000000000000001,21,360,20,12,0.0
1.4000000000000001,28,30,20,3,0.0
1.4000000000000001,28,30,20,6,0.0
1.4000000000000001,28,30,20,9,0.6
1.4000000000000001,28,30,20,12,0.0
1.4000000000000001,28,60,20,3,0.5
1.4000000000000001,28,60,20,6,0.3
1.4000000000000001,28,60,20,9,0.1
1.4000000000000001,28,60,20,12,0.5
1.4000000000000001,28,90,20,3,0.1
1.4000000000000001,28,90,20,6,0.1
1.4000000000000001,28,90,20,9,0.0
1.4000000000000001,28,90,20,12,0.3
1.4000000000000001,28,120,20,3,0.3
1.4000000000000001,28,120,20,6,0.2
1.4000000000000001,28,120,20,9,0.6
1.4000000000000001,28,120,20,12,0.4
1.4000000000000001,28,150,20,3,0.2
1.4000000000000001,28,150,20,6,0.8
1.4000000000000001,28,150,20,9,0.0
1.4000000000000001,28,150,20,12,0.3
1.4000000000000001,28,180,20,3,0.0
1.4000000000000001,28,180,20,6,0.9
1.4000000000000001,28,180,20,9,0.1
1.4000000000000001,28,180,20,12,0.0
1.4000000000000001,28,210,20,3,0.2
1.4000000000000001,28,210,20,6,0.3
1.4000000000000001,28,210,20,9,0.0
1.4000000000000001,28,210,20,12,0.0
1.4000000000000001,28,240,20,3,0.4
1.4000000000000001,28,240,20,6,0.5
1.4000000000000001,28,240,20,9,0.1
1.4000000000000001,28,240,20,12,0.4
1.4000000000000001,28,270,20,3,0.0
1.4000000000000001,28,270,20,6,0.2
1.4000000000000001,28,270,20,9,0.4
1.4000000000000001,28,270,20,12,0.1
1.4000000000000001,28,300,20,3,0.0
1.4000000000000001,28,300,20,6,0.3
1.4000000000000001,28,300,20,9,0.3
1.4000000000000001,28,300,20,12,0.2
1.4000000000000001,28,330,20,3,0.2
1.4000000000000001,28,330,20,6,0.7
1.4000000000000001,28,330,20,9,0.0
1.4000000000000001,28,330,20,12,0.1
1.4000000000000001,28,360,20,3,0.0
1.4000000000000001,28,360,20,6,0.5
1.4000000000000001,28,360,20,9,0.2
1.4000000000000001,28,360,20,12,0.6
1.5,7,30,20,3,0.1
1.5,7,30,20,6,0.2
1.5,7,30,20,9,0.4
1.5,7,30,20,12,0.3
1.5,7,60,20,3,0.1
1.5,7,60,20,6,0.1
1.5,7,60,20,9,0.5
1.5,7,60,20,12,0.3
1.5,7,90,20,3,0.2
1.5,7,90,20,6,0.2
1.5,7,90,20,9,0.3
1.5,7,90,20,12,0.1
1.5,7,120,20,3,0.1
1.5,7,120,20,6,0.3
1.5,7,120,20,9,0.2
1.5,7,120,20,12,0.3
1.5,7,150,20,3,0.3
1.5,7,150,20,6,0.1
1.5,7,150,20,9,0.3
1.5,7,150,20,12,0.7
1.5,7,180,20,3,0.0
1.5,7,180,20,6,0.5
1.5,7,180,20,9,0.4
1.5,7,180,20,12,0.0
1.5,7,210,20,3,0.6
1.5,7,210,20,6,0.1
1.5,7,210,20,9,0.2
1.5,7,210,20,12,0.5
1.5,7,240,20,3,0.2
1.5,7,240,20,6,0.5
1.5,7,240,20,9,0.3
1.5,7,240,20,12,0.3
1.5,7,270,20,3,0.0
1.5,7,270,20,6,0.8
1.5,7,270,20,9,0.3
1.5,7,270,20,12,1.0
1.5,7,300,20,3,0.1
1.5,7,300,20,6,0.6
1.5,7,300,20,9,0.4
1.5,7,300,20,12,0.3
1.5,7,330,20,3,0.1
1.5,7,330,20,6,0.0
1.5,7,330,20,9,0.2
1.5,7,330,20,12,0.7
1.5,7,360,20,3,0.0
1.5,7,360,20,6,0.2
1.5,7,360,20,9,0.1
1.5,7,360,20,12,0.4
1.5,14,30,20,3,0.1
1.5,14,30,20,6,0.0
1.5,14,30,20,9,0.0
1.5,14,30,20,12,0.4
1.5,14,60,20,3,0.1
1.5,14,60,20,6,0.3
1.5,14,60,20,9,0.6
1.5,14,60,20,12,0.5
1.5,14,90,20,3,0.0
1.5,14,90,20,6,0.5
1.5,14,90,20,9,0.4
1.5,14,90,20,12,0.4
1.5,14,120,20,3,0.0
1.5,14,120,20,6,0.1
1.5,14,120,20,9,0.0
1.5,14,120,20,12,0.1
1.5,14,150,20,3,0.5
1.5,14,150,20,6,0.3
1.5,14,150,20,9,0.1
1.5,14,150,20,12,0.0
1.5,14,180,20,3,0.0
1.5,14,180,20,6,0.2
1.5,14,180,20,9,0.4
1.5,14,180,20,12,0.5
1.5,14,210,20,3,0.1
1.5,14,210,20,6,0.2
1.5,14,210,20,9,0.4
1.5,14,210,20,12,0.1
1.5,14,240,20,3,0.4
1.5,14,240,20,6,0.3
1.5,14,240,20,9,0.7
1.5,14,240,20,12,0.0
1.5,14,270,20,3,0.1
1.5,14,270,20,6,0.2
1.5,14,270,20,9,0.4
1.5,14,270,20,12,0.3
1.5,14,300,20,3,0.5
1.5,14,300,20,6,0.4
1.5,14,300,20,9,0.0
1.5,14,300,20,12,0.3
1.5,14,330,20,3,0.0
1.5,14,330,20,6,0.0
1.5,14,330,20,9,0.0
1.5,14,330,20,12,0.1
1.5,14,360,20,3,0.0
1.5,14,360,20,6,0.4
1.5,14,360,20,9,0.2
1.5,14,360,20,12,0.4
1.5,21,30,20,3,0.0
1.5,21,30,20,6,0.2
1.5,21,30,20,9,0.2
1.5,21,30,20,12,0.5
1.5,21,60,20,3,0.0
1.5,21,60,20,6,0.6
1.5,21,60,20,9,0.2
1.5,21,60,20,12,0.2
1.5,21,90,20,3,0.5
1.5,21,90,20,6,0.0
1.5,21,90,20,9,0.2
1.5,21,90,20,12,0.4
1.5,21,120,20,3,0.0
1.5,21,120,20,6,0.4
1.5,21,120,20,9,0.3
1.5,21,120,20,12,0.3
1.5,21,150,20,3,0.2
1.5,21,150,20,6,0.2
1.5,21,150,20,9,0.4
1.5,21,150,20,12,0.7
1.5,21,180,20,3,0.5
1.5,21,180,20,6,0.2
1.5,21,180,20,9,0.1
1.5,21,180,20,12,0.8
1.5,21,210,20,3,0.0
1.5,21,210,20,6,0.1
1.5,21,210,20,9,0.1
1.5,21,210,20,12,0.3
1.5,21,240,20,3,0.3
1.5,21,240,20,6,0.0
1.5,21,240,20,9,0.0
1.5,21,240,20,12,0.2
1.5,21,270,20,3,0.4
1.5,21,270,20,6,0.2
1.5,21,270,20,9,0.1
1.5,21,270,20,12,0.6
1.5,21,300,20,3,0.7
1.5,21,300,20,6,0.2
1.5,21,300,20,9,0.1
1.5,21,300,20,12,0.3
1.5,21,330,20,3,0.2
1.5,21,330,20,6,0.0
1.5,21,330,20,9,0.0
1.5,21,330,20,12,0.0
1.5,21,360,20,3,0.1
1.5,21,360,20,6,0.3
1.5,21,360,20,9,0.6
1.5,21,360,20,12,0.1
1.5,28,30,20,3,0.4
1.5,28,30,20,6,0.3
1.5,28,30,20,9,0.1
1.5,28,30,20,12,0.4
1.5,28,60,20,3,0.0
1.5,28,60,20,6,0.4
1.5,28,60,20,9,0.8
1.5,28,60,20,12,0.5
1.5,28,90,20,3,0.0
1.5,28,90,20,6,0.2
1.5,28,90,20,9,0.2
1.5,28,90,20,12,0.2
1.5,28,120,20,3,0.2
1.5,28,120,20,6,0.0
1.5,28,120,20,9,0.3
1.5,28,120,20,12,0.2
1.5,28,150,20,3,0.0
1.5,28,150,20,6,0.0
1.5,28,150,20,9,0.2
1.5,28,150,20,12,0.0
1.5,28,180,20,3,0.1
1.5,28,180,20,6,0.5
1.5,28,180,20,9,0.4
1.5,28,180,20,12,0.1
1.5,28,210,20,3,0.0
1.5,28,210,20,6,0.4
1.5,28,210,20,9,0.1
1.5,28,210,20,12,0.3
1.5,28,240,20,3,0.3
1.5,28,240,20,6,0.8
1.5,28,240,20,9,0.1
1.5,28,240,20,12,0.4
1.5,28,270,20,3,0.5
1.5,28,270,20,6,0.2
1.5,28,270,20,9,0.0
1.5,28,270,20,12,0.6
1.5,28,300,20,3,0.0
1.5,28,300,20,6,0.1
1.5,28,300,20,9,0.0
1.5,28,300,20,12,0.1
1.5,28,330,20,3,0.4
1.5,28,330,20,6,0.4
1.5,28,330,20,9,0.1
1.5,28,330,20,12,0.2
1.5,28,360,20,3,0.4
1.5,28,360,20,6,0.0
1.5,28,360,20,9,0.1
1.5,28,360,20,12,0.5
